id,predict
1,cat
2,frog
3,car
4,truck
5,plane
6,ship
7,cat
8,ship
9,horse
10,ship
11,truck
12,frog
13,frog
14,dog
15,dog
16,bird
17,cat
18,plane
19,cat
20,plane
21,car
22,ship
23,bird
24,cat
25,ship
26,bird
27,dog
28,plane
29,plane
30,bird
31,truck
32,truck
33,cat
34,frog
35,truck
36,ship
37,frog
38,ship
39,car
40,bird
41,deer
42,ship
43,dog
44,truck
45,truck
46,cat
47,cat
48,frog
49,truck
50,deer
51,deer
52,deer
53,car
54,dog
55,horse
56,horse
57,dog
58,car
59,car
60,horse
61,plane
62,deer
63,frog
64,dog
65,ship
66,car
67,horse
68,deer
69,frog
70,horse
71,deer
72,bird
73,truck
74,cat
75,dog
76,deer
77,horse
78,frog
79,deer
80,deer
81,frog
82,deer
83,frog
84,bird
85,deer
86,deer
87,ship
88,deer
89,cat
90,car
91,frog
92,ship
93,deer
94,plane
95,frog
96,dog
97,ship
98,truck
99,plane
100,ship
101,plane
102,cat
103,plane
104,bird
105,frog
106,horse
107,frog
108,truck
109,frog
110,plane
111,plane
112,cat
113,bird
114,car
115,cat
116,deer
117,plane
118,plane
119,deer
120,cat
121,deer
122,dog
123,truck
124,bird
125,plane
126,bird
127,dog
128,truck
129,plane
130,horse
131,frog
132,car
133,car
134,truck
135,frog
136,dog
137,frog
138,dog
139,car
140,ship
141,frog
142,frog
143,plane
144,ship
145,dog
146,cat
147,ship
148,ship
149,ship
150,deer
151,cat
152,frog
153,truck
154,deer
155,bird
156,car
157,truck
158,dog
159,frog
160,horse
161,dog
162,horse
163,bird
164,deer
165,plane
166,bird
167,deer
168,cat
169,plane
170,horse
171,car
172,dog
173,car
174,deer
175,deer
176,frog
177,bird
178,horse
179,car
180,ship
181,ship
182,truck
183,cat
184,horse
185,car
186,car
187,truck
188,ship
189,horse
190,cat
191,cat
192,cat
193,car
194,plane
195,plane
196,cat
197,deer
198,deer
199,car
200,ship
201,ship
202,bird
203,bird
204,deer
205,bird
206,dog
207,plane
208,deer
209,deer
210,car
211,cat
212,car
213,cat
214,car
215,frog
216,ship
217,frog
218,frog
219,car
220,dog
221,car
222,truck
223,ship
224,car
225,deer
226,deer
227,frog
228,frog
229,frog
230,bird
231,bird
232,ship
233,cat
234,horse
235,bird
236,plane
237,horse
238,plane
239,plane
240,truck
241,car
242,plane
243,cat
244,plane
245,ship
246,deer
247,dog
248,deer
249,bird
250,truck
251,bird
252,frog
253,cat
254,frog
255,car
256,ship
257,truck
258,bird
259,bird
260,plane
261,truck
262,frog
263,truck
264,horse
265,horse
266,truck
267,ship
268,deer
269,deer
270,dog
271,ship
272,deer
273,car
274,frog
275,cat
276,dog
277,truck
278,car
279,ship
280,plane
281,deer
282,truck
283,horse
284,plane
285,frog
286,plane
287,deer
288,car
289,truck
290,car
291,cat
292,plane
293,frog
294,frog
295,ship
296,deer
297,truck
298,ship
299,truck
300,bird
301,horse
302,horse
303,frog
304,frog
305,bird
306,horse
307,car
308,deer
309,truck
310,plane
311,deer
312,ship
313,frog
314,plane
315,bird
316,deer
317,truck
318,dog
319,plane
320,horse
321,frog
322,frog
323,dog
324,deer
325,dog
326,car
327,plane
328,cat
329,deer
330,deer
331,truck
332,ship
333,ship
334,ship
335,frog
336,dog
337,ship
338,horse
339,dog
340,car
341,ship
342,bird
343,bird
344,ship
345,cat
346,bird
347,ship
348,frog
349,bird
350,ship
351,frog
352,cat
353,deer
354,deer
355,bird
356,dog
357,dog
358,deer
359,truck
360,cat
361,truck
362,ship
363,frog
364,frog
365,truck
366,plane
367,frog
368,dog
369,deer
370,cat
371,dog
372,frog
373,horse
374,ship
375,horse
376,car
377,bird
378,frog
379,frog
380,dog
381,horse
382,bird
383,truck
384,truck
385,truck
386,frog
387,deer
388,horse
389,car
390,cat
391,dog
392,cat
393,deer
394,frog
395,dog
396,frog
397,ship
398,dog
399,bird
400,bird
401,ship
402,bird
403,dog
404,dog
405,cat
406,cat
407,ship
408,bird
409,ship
410,frog
411,bird
412,deer
413,plane
414,bird
415,bird
416,frog
417,deer
418,cat
419,car
420,horse
421,horse
422,truck
423,ship
424,deer
425,car
426,bird
427,ship
428,car
429,horse
430,ship
431,bird
432,truck
433,ship
434,truck
435,frog
436,ship
437,cat
438,deer
439,cat
440,ship
441,car
442,cat
443,car
444,frog
445,car
446,deer
447,bird
448,truck
449,bird
450,plane
451,plane
452,horse
453,dog
454,truck
455,car
456,truck
457,deer
458,bird
459,deer
460,ship
461,truck
462,bird
463,frog
464,horse
465,frog
466,truck
467,plane
468,plane
469,ship
470,cat
471,frog
472,ship
473,car
474,cat
475,car
476,car
477,bird
478,horse
479,deer
480,deer
481,plane
482,dog
483,bird
484,deer
485,ship
486,ship
487,cat
488,cat
489,ship
490,ship
491,frog
492,frog
493,horse
494,truck
495,bird
496,bird
497,bird
498,deer
499,plane
500,bird
501,car
502,cat
503,plane
504,frog
505,dog
506,cat
507,car
508,dog
509,frog
510,deer
511,frog
512,bird
513,horse
514,deer
515,cat
516,plane
517,truck
518,cat
519,plane
520,frog
521,car
522,bird
523,horse
524,cat
525,ship
526,deer
527,dog
528,frog
529,frog
530,ship
531,deer
532,dog
533,horse
534,cat
535,deer
536,truck
537,car
538,truck
539,frog
540,bird
541,ship
542,frog
543,bird
544,ship
545,horse
546,truck
547,frog
548,bird
549,plane
550,cat
551,truck
552,ship
553,cat
554,deer
555,plane
556,deer
557,frog
558,dog
559,car
560,frog
561,horse
562,frog
563,dog
564,deer
565,frog
566,frog
567,frog
568,frog
569,ship
570,dog
571,plane
572,bird
573,truck
574,horse
575,cat
576,frog
577,truck
578,cat
579,car
580,deer
581,deer
582,bird
583,car
584,deer
585,car
586,horse
587,truck
588,horse
589,bird
590,truck
591,frog
592,truck
593,frog
594,deer
595,frog
596,cat
597,ship
598,truck
599,truck
600,truck
601,deer
602,cat
603,cat
604,dog
605,plane
606,bird
607,car
608,deer
609,frog
610,car
611,dog
612,horse
613,dog
614,cat
615,cat
616,truck
617,plane
618,deer
619,ship
620,ship
621,dog
622,deer
623,plane
624,deer
625,frog
626,deer
627,ship
628,deer
629,truck
630,horse
631,truck
632,plane
633,plane
634,frog
635,car
636,bird
637,ship
638,deer
639,dog
640,horse
641,frog
642,bird
643,cat
644,plane
645,dog
646,plane
647,plane
648,bird
649,plane
650,deer
651,car
652,horse
653,bird
654,car
655,car
656,truck
657,ship
658,frog
659,plane
660,deer
661,ship
662,ship
663,cat
664,bird
665,ship
666,ship
667,ship
668,bird
669,frog
670,deer
671,bird
672,deer
673,truck
674,plane
675,frog
676,truck
677,dog
678,plane
679,dog
680,plane
681,frog
682,car
683,bird
684,bird
685,dog
686,frog
687,frog
688,plane
689,horse
690,ship
691,bird
692,bird
693,dog
694,bird
695,deer
696,horse
697,deer
698,dog
699,dog
700,plane
701,ship
702,car
703,dog
704,horse
705,ship
706,frog
707,ship
708,frog
709,dog
710,deer
711,truck
712,ship
713,dog
714,ship
715,cat
716,deer
717,ship
718,ship
719,frog
720,plane
721,dog
722,dog
723,frog
724,frog
725,frog
726,ship
727,ship
728,horse
729,deer
730,plane
731,ship
732,frog
733,frog
734,bird
735,car
736,horse
737,ship
738,plane
739,frog
740,deer
741,truck
742,ship
743,bird
744,deer
745,truck
746,deer
747,cat
748,horse
749,horse
750,truck
751,frog
752,truck
753,ship
754,plane
755,bird
756,plane
757,frog
758,deer
759,deer
760,deer
761,dog
762,truck
763,bird
764,truck
765,truck
766,bird
767,bird
768,bird
769,ship
770,deer
771,frog
772,horse
773,deer
774,dog
775,car
776,frog
777,frog
778,bird
779,ship
780,car
781,ship
782,frog
783,bird
784,deer
785,ship
786,plane
787,horse
788,cat
789,car
790,deer
791,truck
792,bird
793,bird
794,ship
795,car
796,frog
797,ship
798,truck
799,deer
800,truck
801,dog
802,horse
803,horse
804,cat
805,plane
806,ship
807,dog
808,truck
809,dog
810,ship
811,dog
812,bird
813,bird
814,car
815,frog
816,ship
817,bird
818,frog
819,deer
820,truck
821,frog
822,frog
823,truck
824,dog
825,plane
826,cat
827,cat
828,horse
829,ship
830,bird
831,deer
832,frog
833,horse
834,car
835,deer
836,bird
837,bird
838,deer
839,frog
840,plane
841,horse
842,deer
843,dog
844,dog
845,plane
846,ship
847,frog
848,cat
849,car
850,car
851,truck
852,plane
853,dog
854,truck
855,car
856,bird
857,car
858,frog
859,car
860,cat
861,frog
862,truck
863,car
864,plane
865,ship
866,deer
867,bird
868,plane
869,plane
870,horse
871,frog
872,truck
873,dog
874,frog
875,cat
876,deer
877,car
878,dog
879,frog
880,frog
881,truck
882,cat
883,plane
884,bird
885,plane
886,car
887,ship
888,frog
889,deer
890,truck
891,ship
892,frog
893,deer
894,frog
895,bird
896,bird
897,ship
898,dog
899,frog
900,car
901,car
902,ship
903,plane
904,deer
905,deer
906,dog
907,car
908,deer
909,plane
910,truck
911,horse
912,horse
913,plane
914,cat
915,cat
916,car
917,horse
918,car
919,frog
920,truck
921,bird
922,ship
923,cat
924,ship
925,car
926,truck
927,ship
928,ship
929,truck
930,deer
931,car
932,deer
933,plane
934,ship
935,truck
936,dog
937,cat
938,bird
939,horse
940,horse
941,deer
942,truck
943,horse
944,cat
945,deer
946,bird
947,horse
948,truck
949,truck
950,frog
951,cat
952,car
953,bird
954,truck
955,deer
956,bird
957,frog
958,cat
959,ship
960,frog
961,frog
962,cat
963,deer
964,truck
965,deer
966,plane
967,frog
968,dog
969,horse
970,ship
971,bird
972,plane
973,frog
974,car
975,frog
976,plane
977,plane
978,bird
979,cat
980,cat
981,ship
982,ship
983,frog
984,bird
985,plane
986,cat
987,ship
988,bird
989,cat
990,cat
991,horse
992,frog
993,truck
994,cat
995,dog
996,frog
997,car
998,frog
999,frog
1000,frog
1001,dog
1002,plane
1003,car
1004,plane
1005,ship
1006,truck
1007,deer
1008,frog
1009,truck
1010,cat
1011,frog
1012,dog
1013,dog
1014,deer
1015,dog
1016,dog
1017,frog
1018,horse
1019,deer
1020,bird
1021,deer
1022,bird
1023,horse
1024,bird
1025,truck
1026,car
1027,horse
1028,horse
1029,bird
1030,bird
1031,frog
1032,deer
1033,truck
1034,cat
1035,horse
1036,car
1037,horse
1038,ship
1039,dog
1040,deer
1041,frog
1042,car
1043,frog
1044,ship
1045,ship
1046,bird
1047,cat
1048,dog
1049,ship
1050,bird
1051,ship
1052,car
1053,car
1054,deer
1055,ship
1056,plane
1057,truck
1058,car
1059,cat
1060,truck
1061,horse
1062,truck
1063,cat
1064,deer
1065,truck
1066,deer
1067,plane
1068,ship
1069,cat
1070,ship
1071,car
1072,frog
1073,plane
1074,frog
1075,ship
1076,frog
1077,car
1078,cat
1079,cat
1080,frog
1081,horse
1082,car
1083,deer
1084,bird
1085,truck
1086,frog
1087,deer
1088,horse
1089,car
1090,frog
1091,ship
1092,cat
1093,frog
1094,car
1095,deer
1096,ship
1097,deer
1098,ship
1099,car
1100,horse
1101,horse
1102,truck
1103,deer
1104,ship
1105,dog
1106,car
1107,truck
1108,frog
1109,dog
1110,horse
1111,ship
1112,ship
1113,car
1114,ship
1115,ship
1116,truck
1117,deer
1118,truck
1119,car
1120,plane
1121,ship
1122,truck
1123,ship
1124,plane
1125,dog
1126,bird
1127,deer
1128,ship
1129,truck
1130,ship
1131,truck
1132,deer
1133,ship
1134,cat
1135,deer
1136,ship
1137,plane
1138,horse
1139,bird
1140,ship
1141,plane
1142,deer
1143,bird
1144,cat
1145,horse
1146,frog
1147,car
1148,bird
1149,truck
1150,ship
1151,deer
1152,horse
1153,dog
1154,car
1155,deer
1156,frog
1157,truck
1158,horse
1159,truck
1160,frog
1161,frog
1162,truck
1163,bird
1164,cat
1165,truck
1166,deer
1167,dog
1168,car
1169,deer
1170,deer
1171,frog
1172,frog
1173,plane
1174,frog
1175,truck
1176,plane
1177,ship
1178,horse
1179,ship
1180,cat
1181,deer
1182,deer
1183,truck
1184,car
1185,bird
1186,truck
1187,dog
1188,cat
1189,frog
1190,frog
1191,horse
1192,ship
1193,plane
1194,truck
1195,ship
1196,dog
1197,truck
1198,dog
1199,horse
1200,truck
1201,frog
1202,car
1203,horse
1204,frog
1205,plane
1206,cat
1207,dog
1208,plane
1209,plane
1210,ship
1211,truck
1212,deer
1213,deer
1214,horse
1215,bird
1216,horse
1217,frog
1218,frog
1219,frog
1220,car
1221,cat
1222,ship
1223,deer
1224,bird
1225,car
1226,ship
1227,truck
1228,cat
1229,horse
1230,car
1231,cat
1232,ship
1233,plane
1234,truck
1235,dog
1236,frog
1237,car
1238,frog
1239,plane
1240,deer
1241,dog
1242,dog
1243,truck
1244,ship
1245,truck
1246,ship
1247,cat
1248,car
1249,bird
1250,deer
1251,plane
1252,truck
1253,deer
1254,ship
1255,truck
1256,truck
1257,plane
1258,truck
1259,truck
1260,truck
1261,cat
1262,car
1263,plane
1264,cat
1265,truck
1266,ship
1267,frog
1268,plane
1269,dog
1270,ship
1271,dog
1272,horse
1273,frog
1274,bird
1275,cat
1276,plane
1277,deer
1278,car
1279,plane
1280,truck
1281,ship
1282,bird
1283,horse
1284,ship
1285,truck
1286,cat
1287,deer
1288,truck
1289,cat
1290,cat
1291,ship
1292,horse
1293,horse
1294,deer
1295,plane
1296,deer
1297,car
1298,truck
1299,frog
1300,frog
1301,horse
1302,bird
1303,horse
1304,frog
1305,car
1306,car
1307,ship
1308,horse
1309,deer
1310,truck
1311,truck
1312,deer
1313,deer
1314,frog
1315,deer
1316,ship
1317,truck
1318,car
1319,frog
1320,deer
1321,truck
1322,car
1323,frog
1324,truck
1325,plane
1326,deer
1327,horse
1328,bird
1329,ship
1330,deer
1331,ship
1332,bird
1333,bird
1334,truck
1335,frog
1336,frog
1337,cat
1338,bird
1339,ship
1340,truck
1341,dog
1342,cat
1343,cat
1344,frog
1345,ship
1346,deer
1347,frog
1348,bird
1349,frog
1350,deer
1351,cat
1352,ship
1353,bird
1354,bird
1355,ship
1356,horse
1357,frog
1358,truck
1359,deer
1360,ship
1361,bird
1362,bird
1363,cat
1364,bird
1365,ship
1366,plane
1367,frog
1368,deer
1369,cat
1370,truck
1371,ship
1372,truck
1373,truck
1374,horse
1375,dog
1376,car
1377,plane
1378,frog
1379,deer
1380,truck
1381,truck
1382,truck
1383,truck
1384,bird
1385,cat
1386,bird
1387,ship
1388,horse
1389,truck
1390,horse
1391,car
1392,car
1393,plane
1394,frog
1395,dog
1396,cat
1397,truck
1398,ship
1399,truck
1400,car
1401,horse
1402,deer
1403,car
1404,plane
1405,horse
1406,frog
1407,dog
1408,deer
1409,frog
1410,plane
1411,car
1412,cat
1413,plane
1414,dog
1415,ship
1416,bird
1417,ship
1418,car
1419,frog
1420,frog
1421,deer
1422,car
1423,truck
1424,car
1425,frog
1426,dog
1427,cat
1428,deer
1429,frog
1430,truck
1431,truck
1432,frog
1433,cat
1434,bird
1435,truck
1436,truck
1437,bird
1438,plane
1439,horse
1440,truck
1441,car
1442,deer
1443,bird
1444,plane
1445,car
1446,truck
1447,ship
1448,deer
1449,car
1450,car
1451,car
1452,deer
1453,horse
1454,frog
1455,plane
1456,cat
1457,ship
1458,deer
1459,dog
1460,dog
1461,truck
1462,bird
1463,cat
1464,plane
1465,plane
1466,car
1467,bird
1468,deer
1469,frog
1470,car
1471,deer
1472,horse
1473,deer
1474,frog
1475,plane
1476,frog
1477,truck
1478,bird
1479,truck
1480,truck
1481,plane
1482,ship
1483,car
1484,truck
1485,dog
1486,ship
1487,deer
1488,cat
1489,dog
1490,horse
1491,truck
1492,ship
1493,frog
1494,frog
1495,car
1496,plane
1497,deer
1498,truck
1499,frog
1500,plane
1501,ship
1502,cat
1503,horse
1504,horse
1505,ship
1506,car
1507,plane
1508,bird
1509,plane
1510,horse
1511,frog
1512,deer
1513,ship
1514,horse
1515,horse
1516,plane
1517,ship
1518,ship
1519,plane
1520,deer
1521,deer
1522,car
1523,bird
1524,cat
1525,ship
1526,cat
1527,frog
1528,bird
1529,deer
1530,deer
1531,frog
1532,cat
1533,frog
1534,car
1535,dog
1536,ship
1537,horse
1538,truck
1539,car
1540,frog
1541,car
1542,car
1543,bird
1544,truck
1545,frog
1546,ship
1547,car
1548,dog
1549,truck
1550,horse
1551,truck
1552,plane
1553,plane
1554,ship
1555,bird
1556,plane
1557,truck
1558,horse
1559,plane
1560,deer
1561,car
1562,car
1563,dog
1564,horse
1565,truck
1566,truck
1567,deer
1568,car
1569,cat
1570,plane
1571,truck
1572,bird
1573,frog
1574,truck
1575,deer
1576,dog
1577,car
1578,bird
1579,truck
1580,plane
1581,ship
1582,horse
1583,dog
1584,frog
1585,frog
1586,car
1587,frog
1588,bird
1589,truck
1590,truck
1591,ship
1592,frog
1593,frog
1594,deer
1595,cat
1596,truck
1597,horse
1598,car
1599,deer
1600,cat
1601,frog
1602,deer
1603,bird
1604,car
1605,deer
1606,dog
1607,ship
1608,deer
1609,deer
1610,car
1611,bird
1612,cat
1613,bird
1614,bird
1615,horse
1616,plane
1617,deer
1618,bird
1619,dog
1620,car
1621,plane
1622,car
1623,ship
1624,dog
1625,deer
1626,horse
1627,bird
1628,frog
1629,car
1630,truck
1631,horse
1632,bird
1633,ship
1634,ship
1635,truck
1636,bird
1637,frog
1638,truck
1639,plane
1640,truck
1641,ship
1642,frog
1643,dog
1644,car
1645,frog
1646,dog
1647,car
1648,cat
1649,dog
1650,plane
1651,horse
1652,ship
1653,dog
1654,deer
1655,deer
1656,dog
1657,frog
1658,plane
1659,frog
1660,frog
1661,frog
1662,truck
1663,car
1664,frog
1665,horse
1666,car
1667,cat
1668,bird
1669,ship
1670,ship
1671,bird
1672,deer
1673,dog
1674,frog
1675,truck
1676,bird
1677,ship
1678,deer
1679,deer
1680,ship
1681,frog
1682,dog
1683,car
1684,frog
1685,frog
1686,bird
1687,dog
1688,frog
1689,deer
1690,cat
1691,bird
1692,car
1693,bird
1694,cat
1695,ship
1696,plane
1697,truck
1698,horse
1699,deer
1700,bird
1701,truck
1702,horse
1703,truck
1704,horse
1705,cat
1706,deer
1707,cat
1708,truck
1709,dog
1710,car
1711,cat
1712,ship
1713,deer
1714,deer
1715,ship
1716,car
1717,ship
1718,plane
1719,horse
1720,ship
1721,truck
1722,deer
1723,truck
1724,cat
1725,bird
1726,truck
1727,ship
1728,deer
1729,deer
1730,deer
1731,ship
1732,ship
1733,truck
1734,cat
1735,horse
1736,deer
1737,dog
1738,horse
1739,car
1740,ship
1741,deer
1742,car
1743,plane
1744,horse
1745,car
1746,deer
1747,frog
1748,car
1749,plane
1750,cat
1751,cat
1752,cat
1753,bird
1754,ship
1755,bird
1756,cat
1757,truck
1758,bird
1759,truck
1760,ship
1761,truck
1762,frog
1763,car
1764,ship
1765,bird
1766,bird
1767,truck
1768,bird
1769,car
1770,frog
1771,car
1772,bird
1773,deer
1774,truck
1775,cat
1776,dog
1777,cat
1778,bird
1779,truck
1780,car
1781,truck
1782,cat
1783,horse
1784,cat
1785,cat
1786,bird
1787,car
1788,car
1789,car
1790,truck
1791,cat
1792,frog
1793,dog
1794,bird
1795,frog
1796,deer
1797,car
1798,horse
1799,cat
1800,horse
1801,ship
1802,cat
1803,frog
1804,cat
1805,plane
1806,frog
1807,car
1808,deer
1809,ship
1810,truck
1811,horse
1812,ship
1813,frog
1814,horse
1815,deer
1816,deer
1817,frog
1818,bird
1819,car
1820,car
1821,frog
1822,bird
1823,frog
1824,horse
1825,horse
1826,frog
1827,truck
1828,dog
1829,frog
1830,bird
1831,truck
1832,bird
1833,dog
1834,bird
1835,ship
1836,ship
1837,truck
1838,frog
1839,cat
1840,dog
1841,dog
1842,plane
1843,cat
1844,car
1845,plane
1846,deer
1847,horse
1848,ship
1849,truck
1850,cat
1851,horse
1852,deer
1853,frog
1854,car
1855,ship
1856,truck
1857,truck
1858,frog
1859,ship
1860,truck
1861,truck
1862,plane
1863,deer
1864,plane
1865,deer
1866,deer
1867,cat
1868,deer
1869,horse
1870,bird
1871,frog
1872,car
1873,dog
1874,cat
1875,dog
1876,frog
1877,dog
1878,cat
1879,ship
1880,ship
1881,plane
1882,deer
1883,ship
1884,plane
1885,plane
1886,ship
1887,dog
1888,cat
1889,deer
1890,dog
1891,car
1892,deer
1893,frog
1894,truck
1895,deer
1896,deer
1897,cat
1898,ship
1899,cat
1900,plane
1901,ship
1902,truck
1903,dog
1904,bird
1905,frog
1906,plane
1907,dog
1908,ship
1909,frog
1910,dog
1911,horse
1912,ship
1913,truck
1914,bird
1915,plane
1916,dog
1917,horse
1918,dog
1919,horse
1920,car
1921,ship
1922,bird
1923,truck
1924,bird
1925,dog
1926,bird
1927,truck
1928,car
1929,ship
1930,ship
1931,ship
1932,plane
1933,dog
1934,deer
1935,horse
1936,truck
1937,deer
1938,horse
1939,truck
1940,cat
1941,car
1942,ship
1943,truck
1944,frog
1945,plane
1946,cat
1947,bird
1948,truck
1949,ship
1950,truck
1951,deer
1952,dog
1953,cat
1954,ship
1955,horse
1956,car
1957,truck
1958,dog
1959,horse
1960,ship
1961,dog
1962,deer
1963,cat
1964,ship
1965,dog
1966,bird
1967,dog
1968,truck
1969,cat
1970,car
1971,frog
1972,ship
1973,ship
1974,deer
1975,bird
1976,ship
1977,ship
1978,plane
1979,dog
1980,horse
1981,frog
1982,frog
1983,cat
1984,frog
1985,bird
1986,horse
1987,frog
1988,horse
1989,ship
1990,horse
1991,deer
1992,ship
1993,cat
1994,ship
1995,frog
1996,car
1997,bird
1998,car
1999,frog
2000,car
2001,horse
2002,truck
2003,car
2004,horse
2005,cat
2006,bird
2007,dog
2008,truck
2009,cat
2010,plane
2011,dog
2012,deer
2013,truck
2014,horse
2015,deer
2016,truck
2017,bird
2018,frog
2019,plane
2020,truck
2021,truck
2022,deer
2023,horse
2024,deer
2025,frog
2026,frog
2027,plane
2028,plane
2029,horse
2030,dog
2031,truck
2032,cat
2033,ship
2034,ship
2035,frog
2036,frog
2037,deer
2038,frog
2039,frog
2040,bird
2041,horse
2042,truck
2043,frog
2044,plane
2045,deer
2046,frog
2047,horse
2048,frog
2049,bird
2050,deer
2051,deer
2052,dog
2053,frog
2054,bird
2055,horse
2056,truck
2057,car
2058,dog
2059,car
2060,frog
2061,horse
2062,cat
2063,frog
2064,horse
2065,truck
2066,dog
2067,deer
2068,car
2069,frog
2070,dog
2071,bird
2072,car
2073,deer
2074,bird
2075,truck
2076,ship
2077,plane
2078,dog
2079,deer
2080,car
2081,ship
2082,ship
2083,frog
2084,horse
2085,dog
2086,horse
2087,horse
2088,bird
2089,horse
2090,frog
2091,plane
2092,horse
2093,truck
2094,bird
2095,deer
2096,ship
2097,ship
2098,truck
2099,cat
2100,ship
2101,dog
2102,frog
2103,dog
2104,truck
2105,ship
2106,bird
2107,ship
2108,car
2109,ship
2110,truck
2111,truck
2112,deer
2113,horse
2114,horse
2115,horse
2116,dog
2117,cat
2118,frog
2119,cat
2120,deer
2121,plane
2122,truck
2123,frog
2124,dog
2125,truck
2126,ship
2127,bird
2128,ship
2129,ship
2130,ship
2131,deer
2132,deer
2133,truck
2134,plane
2135,horse
2136,car
2137,dog
2138,bird
2139,plane
2140,ship
2141,deer
2142,ship
2143,frog
2144,horse
2145,car
2146,bird
2147,dog
2148,deer
2149,plane
2150,cat
2151,plane
2152,car
2153,bird
2154,cat
2155,bird
2156,ship
2157,cat
2158,frog
2159,ship
2160,plane
2161,horse
2162,plane
2163,horse
2164,frog
2165,car
2166,horse
2167,deer
2168,bird
2169,bird
2170,car
2171,ship
2172,deer
2173,frog
2174,truck
2175,car
2176,frog
2177,bird
2178,dog
2179,horse
2180,ship
2181,deer
2182,ship
2183,dog
2184,plane
2185,bird
2186,ship
2187,ship
2188,bird
2189,frog
2190,horse
2191,bird
2192,truck
2193,cat
2194,horse
2195,ship
2196,deer
2197,frog
2198,car
2199,deer
2200,bird
2201,deer
2202,bird
2203,bird
2204,dog
2205,truck
2206,plane
2207,ship
2208,bird
2209,bird
2210,ship
2211,frog
2212,bird
2213,frog
2214,car
2215,car
2216,horse
2217,plane
2218,plane
2219,truck
2220,cat
2221,truck
2222,deer
2223,frog
2224,plane
2225,bird
2226,plane
2227,car
2228,car
2229,frog
2230,plane
2231,deer
2232,deer
2233,ship
2234,car
2235,bird
2236,bird
2237,ship
2238,deer
2239,bird
2240,plane
2241,truck
2242,dog
2243,deer
2244,deer
2245,cat
2246,car
2247,ship
2248,plane
2249,deer
2250,car
2251,bird
2252,ship
2253,frog
2254,truck
2255,horse
2256,dog
2257,ship
2258,bird
2259,truck
2260,car
2261,truck
2262,ship
2263,dog
2264,horse
2265,bird
2266,cat
2267,cat
2268,deer
2269,deer
2270,deer
2271,truck
2272,dog
2273,plane
2274,bird
2275,car
2276,plane
2277,deer
2278,cat
2279,dog
2280,bird
2281,truck
2282,cat
2283,horse
2284,frog
2285,deer
2286,plane
2287,ship
2288,ship
2289,horse
2290,cat
2291,frog
2292,truck
2293,frog
2294,horse
2295,dog
2296,frog
2297,frog
2298,dog
2299,plane
2300,plane
2301,bird
2302,car
2303,cat
2304,frog
2305,frog
2306,deer
2307,plane
2308,truck
2309,truck
2310,deer
2311,plane
2312,frog
2313,bird
2314,frog
2315,dog
2316,frog
2317,car
2318,car
2319,bird
2320,bird
2321,plane
2322,truck
2323,ship
2324,frog
2325,deer
2326,ship
2327,frog
2328,car
2329,deer
2330,plane
2331,truck
2332,bird
2333,horse
2334,horse
2335,frog
2336,deer
2337,dog
2338,plane
2339,deer
2340,ship
2341,frog
2342,ship
2343,frog
2344,horse
2345,car
2346,plane
2347,frog
2348,deer
2349,plane
2350,horse
2351,car
2352,ship
2353,frog
2354,truck
2355,frog
2356,dog
2357,car
2358,truck
2359,ship
2360,cat
2361,frog
2362,car
2363,cat
2364,frog
2365,dog
2366,frog
2367,plane
2368,truck
2369,deer
2370,bird
2371,dog
2372,frog
2373,frog
2374,car
2375,car
2376,frog
2377,horse
2378,plane
2379,dog
2380,truck
2381,bird
2382,bird
2383,deer
2384,bird
2385,plane
2386,plane
2387,deer
2388,ship
2389,car
2390,car
2391,frog
2392,bird
2393,ship
2394,bird
2395,ship
2396,bird
2397,bird
2398,plane
2399,ship
2400,cat
2401,frog
2402,truck
2403,horse
2404,dog
2405,car
2406,truck
2407,frog
2408,frog
2409,horse
2410,bird
2411,frog
2412,dog
2413,horse
2414,bird
2415,dog
2416,car
2417,ship
2418,truck
2419,frog
2420,frog
2421,car
2422,frog
2423,car
2424,horse
2425,cat
2426,car
2427,cat
2428,deer
2429,frog
2430,dog
2431,bird
2432,horse
2433,cat
2434,bird
2435,deer
2436,bird
2437,truck
2438,frog
2439,ship
2440,deer
2441,ship
2442,ship
2443,deer
2444,bird
2445,ship
2446,dog
2447,horse
2448,frog
2449,dog
2450,ship
2451,deer
2452,ship
2453,horse
2454,dog
2455,ship
2456,frog
2457,ship
2458,car
2459,ship
2460,plane
2461,deer
2462,dog
2463,dog
2464,cat
2465,frog
2466,ship
2467,ship
2468,frog
2469,cat
2470,deer
2471,truck
2472,plane
2473,frog
2474,bird
2475,car
2476,ship
2477,frog
2478,cat
2479,horse
2480,deer
2481,dog
2482,ship
2483,cat
2484,plane
2485,horse
2486,truck
2487,truck
2488,ship
2489,car
2490,truck
2491,plane
2492,frog
2493,ship
2494,frog
2495,ship
2496,bird
2497,deer
2498,ship
2499,truck
2500,frog
2501,bird
2502,deer
2503,frog
2504,plane
2505,car
2506,car
2507,plane
2508,car
2509,horse
2510,horse
2511,deer
2512,frog
2513,truck
2514,bird
2515,plane
2516,horse
2517,frog
2518,plane
2519,plane
2520,plane
2521,deer
2522,ship
2523,car
2524,frog
2525,dog
2526,horse
2527,horse
2528,frog
2529,plane
2530,car
2531,frog
2532,deer
2533,truck
2534,horse
2535,bird
2536,cat
2537,car
2538,horse
2539,frog
2540,frog
2541,truck
2542,ship
2543,deer
2544,frog
2545,frog
2546,bird
2547,dog
2548,deer
2549,ship
2550,ship
2551,ship
2552,deer
2553,dog
2554,frog
2555,car
2556,frog
2557,truck
2558,plane
2559,bird
2560,deer
2561,car
2562,frog
2563,truck
2564,horse
2565,truck
2566,car
2567,plane
2568,plane
2569,bird
2570,car
2571,bird
2572,car
2573,truck
2574,plane
2575,ship
2576,cat
2577,deer
2578,horse
2579,truck
2580,frog
2581,car
2582,plane
2583,plane
2584,ship
2585,dog
2586,cat
2587,dog
2588,dog
2589,car
2590,car
2591,plane
2592,horse
2593,plane
2594,bird
2595,cat
2596,ship
2597,truck
2598,deer
2599,truck
2600,ship
2601,horse
2602,car
2603,truck
2604,truck
2605,deer
2606,cat
2607,cat
2608,plane
2609,dog
2610,ship
2611,cat
2612,dog
2613,frog
2614,dog
2615,ship
2616,deer
2617,horse
2618,frog
2619,car
2620,dog
2621,horse
2622,dog
2623,ship
2624,cat
2625,deer
2626,dog
2627,frog
2628,ship
2629,plane
2630,deer
2631,cat
2632,frog
2633,plane
2634,car
2635,car
2636,truck
2637,plane
2638,frog
2639,deer
2640,plane
2641,deer
2642,deer
2643,cat
2644,truck
2645,deer
2646,dog
2647,frog
2648,deer
2649,ship
2650,horse
2651,deer
2652,truck
2653,plane
2654,car
2655,horse
2656,ship
2657,bird
2658,plane
2659,frog
2660,deer
2661,truck
2662,truck
2663,bird
2664,ship
2665,ship
2666,car
2667,ship
2668,frog
2669,plane
2670,deer
2671,plane
2672,deer
2673,horse
2674,car
2675,bird
2676,frog
2677,frog
2678,truck
2679,deer
2680,frog
2681,plane
2682,cat
2683,car
2684,truck
2685,deer
2686,truck
2687,car
2688,car
2689,frog
2690,truck
2691,frog
2692,frog
2693,car
2694,frog
2695,plane
2696,plane
2697,bird
2698,deer
2699,car
2700,plane
2701,cat
2702,bird
2703,bird
2704,cat
2705,frog
2706,dog
2707,truck
2708,car
2709,bird
2710,dog
2711,frog
2712,deer
2713,dog
2714,car
2715,deer
2716,dog
2717,truck
2718,cat
2719,deer
2720,bird
2721,ship
2722,dog
2723,dog
2724,car
2725,ship
2726,truck
2727,horse
2728,horse
2729,truck
2730,truck
2731,plane
2732,horse
2733,deer
2734,bird
2735,deer
2736,ship
2737,deer
2738,horse
2739,bird
2740,horse
2741,deer
2742,deer
2743,deer
2744,dog
2745,frog
2746,truck
2747,frog
2748,ship
2749,car
2750,car
2751,cat
2752,plane
2753,cat
2754,frog
2755,bird
2756,frog
2757,dog
2758,deer
2759,truck
2760,dog
2761,horse
2762,truck
2763,dog
2764,truck
2765,car
2766,deer
2767,bird
2768,truck
2769,deer
2770,deer
2771,ship
2772,car
2773,horse
2774,deer
2775,dog
2776,ship
2777,cat
2778,ship
2779,truck
2780,car
2781,frog
2782,frog
2783,horse
2784,frog
2785,frog
2786,truck
2787,cat
2788,car
2789,bird
2790,car
2791,dog
2792,car
2793,deer
2794,plane
2795,deer
2796,dog
2797,horse
2798,deer
2799,deer
2800,plane
2801,bird
2802,truck
2803,horse
2804,frog
2805,frog
2806,cat
2807,frog
2808,car
2809,ship
2810,truck
2811,bird
2812,truck
2813,deer
2814,bird
2815,truck
2816,cat
2817,plane
2818,frog
2819,plane
2820,horse
2821,ship
2822,plane
2823,truck
2824,dog
2825,truck
2826,ship
2827,deer
2828,truck
2829,bird
2830,ship
2831,bird
2832,plane
2833,frog
2834,ship
2835,car
2836,frog
2837,horse
2838,bird
2839,car
2840,bird
2841,cat
2842,ship
2843,car
2844,deer
2845,truck
2846,car
2847,plane
2848,dog
2849,frog
2850,car
2851,truck
2852,horse
2853,deer
2854,horse
2855,bird
2856,deer
2857,deer
2858,plane
2859,car
2860,ship
2861,ship
2862,ship
2863,deer
2864,deer
2865,car
2866,frog
2867,deer
2868,cat
2869,bird
2870,horse
2871,truck
2872,ship
2873,plane
2874,car
2875,deer
2876,car
2877,horse
2878,frog
2879,ship
2880,horse
2881,dog
2882,truck
2883,bird
2884,horse
2885,bird
2886,deer
2887,dog
2888,dog
2889,frog
2890,frog
2891,ship
2892,bird
2893,dog
2894,deer
2895,cat
2896,car
2897,deer
2898,frog
2899,frog
2900,horse
2901,ship
2902,car
2903,car
2904,horse
2905,cat
2906,plane
2907,deer
2908,frog
2909,frog
2910,dog
2911,frog
2912,plane
2913,truck
2914,cat
2915,truck
2916,plane
2917,horse
2918,car
2919,ship
2920,bird
2921,frog
2922,frog
2923,dog
2924,dog
2925,dog
2926,bird
2927,dog
2928,horse
2929,bird
2930,frog
2931,plane
2932,ship
2933,cat
2934,frog
2935,ship
2936,horse
2937,bird
2938,frog
2939,ship
2940,bird
2941,deer
2942,bird
2943,bird
2944,bird
2945,cat
2946,horse
2947,horse
2948,truck
2949,dog
2950,ship
2951,frog
2952,bird
2953,cat
2954,frog
2955,frog
2956,plane
2957,ship
2958,frog
2959,ship
2960,cat
2961,bird
2962,plane
2963,dog
2964,deer
2965,deer
2966,ship
2967,ship
2968,bird
2969,dog
2970,cat
2971,deer
2972,dog
2973,car
2974,plane
2975,truck
2976,car
2977,frog
2978,frog
2979,truck
2980,ship
2981,deer
2982,deer
2983,car
2984,ship
2985,cat
2986,bird
2987,ship
2988,horse
2989,deer
2990,plane
2991,frog
2992,frog
2993,frog
2994,plane
2995,deer
2996,deer
2997,deer
2998,dog
2999,ship
3000,horse
3001,car
3002,cat
3003,cat
3004,cat
3005,horse
3006,ship
3007,deer
3008,frog
3009,deer
3010,ship
3011,horse
3012,ship
3013,car
3014,ship
3015,dog
3016,frog
3017,bird
3018,frog
3019,bird
3020,deer
3021,horse
3022,deer
3023,horse
3024,bird
3025,cat
3026,cat
3027,ship
3028,frog
3029,cat
3030,frog
3031,truck
3032,cat
3033,dog
3034,plane
3035,ship
3036,cat
3037,cat
3038,deer
3039,deer
3040,deer
3041,horse
3042,ship
3043,car
3044,cat
3045,ship
3046,bird
3047,car
3048,ship
3049,frog
3050,horse
3051,ship
3052,plane
3053,bird
3054,horse
3055,ship
3056,car
3057,cat
3058,plane
3059,ship
3060,frog
3061,car
3062,truck
3063,ship
3064,plane
3065,car
3066,frog
3067,cat
3068,bird
3069,bird
3070,ship
3071,ship
3072,ship
3073,car
3074,ship
3075,horse
3076,deer
3077,horse
3078,plane
3079,bird
3080,horse
3081,horse
3082,car
3083,horse
3084,dog
3085,truck
3086,cat
3087,bird
3088,bird
3089,car
3090,frog
3091,car
3092,truck
3093,frog
3094,ship
3095,horse
3096,bird
3097,cat
3098,plane
3099,frog
3100,frog
3101,cat
3102,frog
3103,truck
3104,car
3105,ship
3106,frog
3107,truck
3108,horse
3109,cat
3110,cat
3111,dog
3112,plane
3113,truck
3114,cat
3115,frog
3116,ship
3117,frog
3118,car
3119,frog
3120,cat
3121,ship
3122,cat
3123,ship
3124,frog
3125,truck
3126,truck
3127,car
3128,dog
3129,frog
3130,truck
3131,dog
3132,deer
3133,deer
3134,plane
3135,cat
3136,plane
3137,frog
3138,frog
3139,ship
3140,plane
3141,ship
3142,frog
3143,deer
3144,truck
3145,deer
3146,car
3147,dog
3148,plane
3149,frog
3150,bird
3151,truck
3152,frog
3153,bird
3154,bird
3155,horse
3156,truck
3157,deer
3158,truck
3159,deer
3160,dog
3161,plane
3162,car
3163,plane
3164,frog
3165,ship
3166,ship
3167,bird
3168,horse
3169,ship
3170,plane
3171,ship
3172,ship
3173,deer
3174,plane
3175,frog
3176,frog
3177,cat
3178,bird
3179,plane
3180,deer
3181,ship
3182,horse
3183,bird
3184,car
3185,plane
3186,dog
3187,dog
3188,truck
3189,car
3190,ship
3191,plane
3192,deer
3193,horse
3194,cat
3195,deer
3196,dog
3197,deer
3198,horse
3199,plane
3200,ship
3201,frog
3202,frog
3203,truck
3204,ship
3205,cat
3206,bird
3207,deer
3208,ship
3209,frog
3210,plane
3211,car
3212,truck
3213,frog
3214,car
3215,bird
3216,dog
3217,deer
3218,deer
3219,bird
3220,ship
3221,dog
3222,bird
3223,horse
3224,dog
3225,horse
3226,bird
3227,horse
3228,plane
3229,bird
3230,truck
3231,dog
3232,dog
3233,frog
3234,horse
3235,truck
3236,cat
3237,plane
3238,ship
3239,deer
3240,frog
3241,plane
3242,horse
3243,horse
3244,truck
3245,frog
3246,frog
3247,car
3248,deer
3249,bird
3250,ship
3251,frog
3252,horse
3253,bird
3254,car
3255,frog
3256,car
3257,truck
3258,cat
3259,bird
3260,deer
3261,plane
3262,truck
3263,ship
3264,deer
3265,bird
3266,horse
3267,plane
3268,frog
3269,car
3270,cat
3271,car
3272,plane
3273,cat
3274,dog
3275,truck
3276,dog
3277,bird
3278,car
3279,dog
3280,frog
3281,ship
3282,plane
3283,ship
3284,frog
3285,deer
3286,frog
3287,bird
3288,plane
3289,plane
3290,ship
3291,ship
3292,ship
3293,ship
3294,car
3295,plane
3296,cat
3297,ship
3298,plane
3299,horse
3300,truck
3301,bird
3302,dog
3303,deer
3304,cat
3305,ship
3306,bird
3307,bird
3308,frog
3309,frog
3310,plane
3311,cat
3312,deer
3313,bird
3314,truck
3315,frog
3316,car
3317,truck
3318,cat
3319,deer
3320,car
3321,plane
3322,cat
3323,car
3324,dog
3325,car
3326,plane
3327,deer
3328,deer
3329,car
3330,horse
3331,dog
3332,deer
3333,frog
3334,dog
3335,car
3336,bird
3337,truck
3338,dog
3339,ship
3340,cat
3341,dog
3342,car
3343,horse
3344,bird
3345,frog
3346,frog
3347,plane
3348,frog
3349,ship
3350,dog
3351,car
3352,dog
3353,ship
3354,dog
3355,plane
3356,dog
3357,truck
3358,truck
3359,bird
3360,plane
3361,bird
3362,deer
3363,car
3364,car
3365,deer
3366,bird
3367,cat
3368,car
3369,horse
3370,plane
3371,plane
3372,frog
3373,truck
3374,frog
3375,dog
3376,deer
3377,bird
3378,cat
3379,horse
3380,ship
3381,frog
3382,truck
3383,bird
3384,plane
3385,frog
3386,frog
3387,ship
3388,ship
3389,plane
3390,cat
3391,cat
3392,deer
3393,bird
3394,bird
3395,truck
3396,ship
3397,ship
3398,frog
3399,truck
3400,truck
3401,bird
3402,ship
3403,horse
3404,truck
3405,horse
3406,car
3407,deer
3408,deer
3409,horse
3410,frog
3411,deer
3412,truck
3413,horse
3414,truck
3415,ship
3416,bird
3417,cat
3418,ship
3419,dog
3420,ship
3421,frog
3422,deer
3423,car
3424,cat
3425,ship
3426,car
3427,bird
3428,dog
3429,truck
3430,deer
3431,car
3432,cat
3433,car
3434,cat
3435,car
3436,dog
3437,horse
3438,truck
3439,plane
3440,car
3441,truck
3442,frog
3443,dog
3444,car
3445,bird
3446,truck
3447,truck
3448,ship
3449,cat
3450,cat
3451,dog
3452,truck
3453,plane
3454,dog
3455,frog
3456,truck
3457,frog
3458,deer
3459,frog
3460,plane
3461,frog
3462,car
3463,frog
3464,truck
3465,plane
3466,car
3467,frog
3468,deer
3469,bird
3470,frog
3471,ship
3472,bird
3473,frog
3474,cat
3475,car
3476,bird
3477,car
3478,car
3479,truck
3480,plane
3481,car
3482,dog
3483,truck
3484,plane
3485,frog
3486,truck
3487,frog
3488,ship
3489,truck
3490,car
3491,plane
3492,plane
3493,deer
3494,cat
3495,car
3496,frog
3497,deer
3498,deer
3499,car
3500,frog
3501,frog
3502,plane
3503,ship
3504,horse
3505,horse
3506,deer
3507,ship
3508,cat
3509,truck
3510,cat
3511,deer
3512,bird
3513,dog
3514,ship
3515,deer
3516,deer
3517,bird
3518,deer
3519,deer
3520,frog
3521,car
3522,bird
3523,bird
3524,frog
3525,car
3526,deer
3527,car
3528,ship
3529,cat
3530,ship
3531,truck
3532,frog
3533,dog
3534,car
3535,horse
3536,ship
3537,truck
3538,cat
3539,cat
3540,car
3541,car
3542,bird
3543,plane
3544,deer
3545,ship
3546,car
3547,cat
3548,dog
3549,bird
3550,frog
3551,car
3552,horse
3553,car
3554,deer
3555,cat
3556,ship
3557,cat
3558,bird
3559,plane
3560,bird
3561,truck
3562,car
3563,dog
3564,frog
3565,ship
3566,bird
3567,frog
3568,frog
3569,truck
3570,frog
3571,horse
3572,truck
3573,ship
3574,ship
3575,plane
3576,frog
3577,frog
3578,bird
3579,deer
3580,bird
3581,cat
3582,horse
3583,dog
3584,frog
3585,bird
3586,ship
3587,car
3588,ship
3589,plane
3590,deer
3591,truck
3592,truck
3593,car
3594,frog
3595,cat
3596,bird
3597,truck
3598,car
3599,car
3600,car
3601,car
3602,bird
3603,car
3604,ship
3605,truck
3606,truck
3607,horse
3608,deer
3609,car
3610,car
3611,car
3612,car
3613,dog
3614,bird
3615,horse
3616,ship
3617,car
3618,truck
3619,horse
3620,plane
3621,bird
3622,deer
3623,deer
3624,ship
3625,frog
3626,deer
3627,ship
3628,horse
3629,frog
3630,horse
3631,horse
3632,dog
3633,ship
3634,cat
3635,deer
3636,frog
3637,car
3638,bird
3639,deer
3640,deer
3641,truck
3642,dog
3643,frog
3644,plane
3645,bird
3646,horse
3647,plane
3648,dog
3649,deer
3650,ship
3651,deer
3652,dog
3653,plane
3654,frog
3655,bird
3656,deer
3657,deer
3658,dog
3659,deer
3660,horse
3661,truck
3662,ship
3663,car
3664,car
3665,horse
3666,deer
3667,frog
3668,plane
3669,bird
3670,ship
3671,car
3672,bird
3673,plane
3674,car
3675,plane
3676,frog
3677,frog
3678,dog
3679,horse
3680,horse
3681,frog
3682,dog
3683,truck
3684,dog
3685,deer
3686,cat
3687,car
3688,frog
3689,dog
3690,frog
3691,dog
3692,deer
3693,dog
3694,frog
3695,truck
3696,truck
3697,plane
3698,plane
3699,frog
3700,dog
3701,frog
3702,truck
3703,frog
3704,horse
3705,bird
3706,bird
3707,deer
3708,bird
3709,deer
3710,truck
3711,horse
3712,frog
3713,horse
3714,bird
3715,cat
3716,truck
3717,bird
3718,deer
3719,deer
3720,plane
3721,cat
3722,car
3723,dog
3724,frog
3725,truck
3726,frog
3727,frog
3728,bird
3729,plane
3730,horse
3731,deer
3732,cat
3733,horse
3734,frog
3735,car
3736,car
3737,deer
3738,cat
3739,cat
3740,truck
3741,plane
3742,frog
3743,plane
3744,truck
3745,cat
3746,deer
3747,frog
3748,deer
3749,dog
3750,frog
3751,horse
3752,ship
3753,deer
3754,plane
3755,deer
3756,ship
3757,car
3758,frog
3759,frog
3760,horse
3761,truck
3762,deer
3763,truck
3764,deer
3765,deer
3766,frog
3767,frog
3768,ship
3769,dog
3770,ship
3771,ship
3772,horse
3773,car
3774,cat
3775,horse
3776,cat
3777,bird
3778,car
3779,ship
3780,dog
3781,deer
3782,truck
3783,bird
3784,bird
3785,truck
3786,deer
3787,car
3788,ship
3789,truck
3790,deer
3791,bird
3792,truck
3793,horse
3794,dog
3795,dog
3796,frog
3797,cat
3798,plane
3799,bird
3800,car
3801,ship
3802,horse
3803,ship
3804,truck
3805,bird
3806,truck
3807,horse
3808,deer
3809,frog
3810,frog
3811,ship
3812,bird
3813,ship
3814,horse
3815,horse
3816,bird
3817,bird
3818,deer
3819,truck
3820,car
3821,plane
3822,deer
3823,truck
3824,ship
3825,horse
3826,frog
3827,horse
3828,truck
3829,bird
3830,ship
3831,bird
3832,ship
3833,horse
3834,car
3835,frog
3836,truck
3837,truck
3838,bird
3839,frog
3840,horse
3841,car
3842,dog
3843,car
3844,car
3845,bird
3846,car
3847,truck
3848,frog
3849,car
3850,dog
3851,deer
3852,cat
3853,truck
3854,ship
3855,truck
3856,dog
3857,dog
3858,frog
3859,dog
3860,truck
3861,ship
3862,bird
3863,truck
3864,bird
3865,dog
3866,frog
3867,deer
3868,bird
3869,bird
3870,truck
3871,ship
3872,cat
3873,plane
3874,ship
3875,frog
3876,dog
3877,truck
3878,horse
3879,plane
3880,bird
3881,bird
3882,ship
3883,truck
3884,truck
3885,horse
3886,ship
3887,ship
3888,horse
3889,bird
3890,car
3891,car
3892,horse
3893,ship
3894,dog
3895,frog
3896,dog
3897,ship
3898,horse
3899,bird
3900,frog
3901,truck
3902,deer
3903,plane
3904,truck
3905,car
3906,deer
3907,bird
3908,deer
3909,dog
3910,ship
3911,cat
3912,ship
3913,bird
3914,frog
3915,ship
3916,bird
3917,bird
3918,dog
3919,bird
3920,horse
3921,horse
3922,dog
3923,truck
3924,deer
3925,car
3926,deer
3927,car
3928,car
3929,ship
3930,frog
3931,cat
3932,bird
3933,dog
3934,ship
3935,frog
3936,dog
3937,plane
3938,deer
3939,car
3940,cat
3941,ship
3942,bird
3943,horse
3944,bird
3945,plane
3946,deer
3947,car
3948,cat
3949,horse
3950,ship
3951,bird
3952,deer
3953,horse
3954,ship
3955,bird
3956,plane
3957,deer
3958,cat
3959,dog
3960,truck
3961,car
3962,deer
3963,horse
3964,dog
3965,car
3966,ship
3967,horse
3968,car
3969,deer
3970,frog
3971,cat
3972,deer
3973,car
3974,deer
3975,bird
3976,deer
3977,dog
3978,bird
3979,deer
3980,cat
3981,truck
3982,car
3983,dog
3984,bird
3985,frog
3986,horse
3987,horse
3988,bird
3989,car
3990,ship
3991,plane
3992,ship
3993,cat
3994,cat
3995,truck
3996,truck
3997,plane
3998,frog
3999,cat
4000,frog
4001,deer
4002,bird
4003,dog
4004,horse
4005,bird
4006,frog
4007,cat
4008,plane
4009,bird
4010,plane
4011,deer
4012,dog
4013,frog
4014,plane
4015,bird
4016,deer
4017,plane
4018,truck
4019,horse
4020,bird
4021,dog
4022,ship
4023,frog
4024,truck
4025,deer
4026,bird
4027,bird
4028,plane
4029,frog
4030,frog
4031,truck
4032,truck
4033,cat
4034,deer
4035,frog
4036,frog
4037,ship
4038,frog
4039,bird
4040,cat
4041,ship
4042,deer
4043,truck
4044,plane
4045,ship
4046,truck
4047,ship
4048,horse
4049,plane
4050,bird
4051,plane
4052,truck
4053,cat
4054,cat
4055,bird
4056,horse
4057,cat
4058,frog
4059,ship
4060,deer
4061,deer
4062,bird
4063,plane
4064,frog
4065,horse
4066,car
4067,frog
4068,deer
4069,plane
4070,horse
4071,plane
4072,frog
4073,frog
4074,cat
4075,truck
4076,bird
4077,dog
4078,cat
4079,plane
4080,horse
4081,horse
4082,deer
4083,ship
4084,plane
4085,cat
4086,car
4087,ship
4088,deer
4089,deer
4090,frog
4091,cat
4092,ship
4093,bird
4094,car
4095,frog
4096,ship
4097,deer
4098,car
4099,frog
4100,dog
4101,bird
4102,horse
4103,plane
4104,cat
4105,frog
4106,ship
4107,deer
4108,frog
4109,frog
4110,cat
4111,ship
4112,ship
4113,deer
4114,dog
4115,deer
4116,frog
4117,car
4118,deer
4119,bird
4120,deer
4121,dog
4122,cat
4123,plane
4124,cat
4125,deer
4126,bird
4127,frog
4128,dog
4129,car
4130,frog
4131,frog
4132,frog
4133,truck
4134,dog
4135,dog
4136,ship
4137,plane
4138,horse
4139,bird
4140,frog
4141,deer
4142,ship
4143,cat
4144,truck
4145,frog
4146,cat
4147,truck
4148,plane
4149,frog
4150,frog
4151,cat
4152,deer
4153,truck
4154,bird
4155,car
4156,bird
4157,dog
4158,horse
4159,frog
4160,bird
4161,car
4162,truck
4163,ship
4164,horse
4165,frog
4166,bird
4167,car
4168,plane
4169,ship
4170,bird
4171,truck
4172,horse
4173,ship
4174,truck
4175,cat
4176,ship
4177,bird
4178,deer
4179,dog
4180,frog
4181,frog
4182,car
4183,ship
4184,bird
4185,frog
4186,frog
4187,cat
4188,cat
4189,dog
4190,frog
4191,ship
4192,dog
4193,cat
4194,truck
4195,cat
4196,car
4197,ship
4198,car
4199,truck
4200,cat
4201,bird
4202,plane
4203,car
4204,horse
4205,truck
4206,ship
4207,cat
4208,car
4209,car
4210,car
4211,horse
4212,cat
4213,car
4214,ship
4215,car
4216,ship
4217,bird
4218,truck
4219,bird
4220,truck
4221,bird
4222,horse
4223,deer
4224,frog
4225,horse
4226,bird
4227,truck
4228,frog
4229,dog
4230,deer
4231,ship
4232,bird
4233,frog
4234,frog
4235,plane
4236,cat
4237,ship
4238,deer
4239,frog
4240,dog
4241,car
4242,truck
4243,frog
4244,bird
4245,truck
4246,truck
4247,deer
4248,truck
4249,cat
4250,dog
4251,dog
4252,car
4253,dog
4254,horse
4255,deer
4256,plane
4257,frog
4258,ship
4259,bird
4260,deer
4261,cat
4262,plane
4263,ship
4264,bird
4265,car
4266,plane
4267,deer
4268,car
4269,truck
4270,bird
4271,bird
4272,deer
4273,plane
4274,car
4275,frog
4276,bird
4277,bird
4278,car
4279,truck
4280,frog
4281,horse
4282,car
4283,frog
4284,cat
4285,deer
4286,car
4287,dog
4288,truck
4289,bird
4290,horse
4291,deer
4292,plane
4293,truck
4294,ship
4295,deer
4296,bird
4297,horse
4298,frog
4299,plane
4300,horse
4301,cat
4302,cat
4303,frog
4304,car
4305,bird
4306,car
4307,plane
4308,horse
4309,ship
4310,cat
4311,frog
4312,deer
4313,car
4314,cat
4315,truck
4316,horse
4317,horse
4318,horse
4319,ship
4320,cat
4321,bird
4322,plane
4323,car
4324,truck
4325,horse
4326,car
4327,cat
4328,horse
4329,plane
4330,bird
4331,bird
4332,bird
4333,ship
4334,ship
4335,cat
4336,frog
4337,bird
4338,truck
4339,ship
4340,ship
4341,plane
4342,cat
4343,cat
4344,frog
4345,frog
4346,plane
4347,horse
4348,horse
4349,deer
4350,plane
4351,horse
4352,bird
4353,ship
4354,horse
4355,bird
4356,bird
4357,horse
4358,bird
4359,horse
4360,truck
4361,cat
4362,bird
4363,deer
4364,bird
4365,car
4366,bird
4367,cat
4368,deer
4369,car
4370,plane
4371,ship
4372,frog
4373,car
4374,frog
4375,horse
4376,frog
4377,bird
4378,deer
4379,ship
4380,ship
4381,cat
4382,cat
4383,cat
4384,car
4385,ship
4386,truck
4387,horse
4388,car
4389,bird
4390,ship
4391,ship
4392,truck
4393,horse
4394,cat
4395,frog
4396,cat
4397,frog
4398,car
4399,truck
4400,plane
4401,plane
4402,cat
4403,truck
4404,truck
4405,dog
4406,cat
4407,horse
4408,deer
4409,bird
4410,cat
4411,ship
4412,horse
4413,deer
4414,ship
4415,truck
4416,cat
4417,frog
4418,deer
4419,truck
4420,frog
4421,frog
4422,ship
4423,truck
4424,frog
4425,deer
4426,frog
4427,frog
4428,truck
4429,car
4430,ship
4431,truck
4432,frog
4433,car
4434,plane
4435,deer
4436,car
4437,frog
4438,deer
4439,truck
4440,truck
4441,truck
4442,plane
4443,truck
4444,deer
4445,dog
4446,deer
4447,plane
4448,plane
4449,frog
4450,bird
4451,frog
4452,dog
4453,plane
4454,dog
4455,cat
4456,bird
4457,frog
4458,ship
4459,deer
4460,deer
4461,deer
4462,ship
4463,cat
4464,frog
4465,truck
4466,dog
4467,dog
4468,horse
4469,car
4470,deer
4471,dog
4472,bird
4473,deer
4474,cat
4475,plane
4476,dog
4477,truck
4478,frog
4479,ship
4480,ship
4481,deer
4482,car
4483,plane
4484,bird
4485,dog
4486,deer
4487,cat
4488,car
4489,dog
4490,deer
4491,frog
4492,cat
4493,deer
4494,ship
4495,cat
4496,cat
4497,deer
4498,horse
4499,ship
4500,car
4501,ship
4502,ship
4503,truck
4504,car
4505,deer
4506,dog
4507,ship
4508,truck
4509,cat
4510,bird
4511,frog
4512,frog
4513,bird
4514,dog
4515,frog
4516,ship
4517,truck
4518,bird
4519,frog
4520,plane
4521,ship
4522,deer
4523,dog
4524,car
4525,frog
4526,dog
4527,car
4528,car
4529,bird
4530,deer
4531,ship
4532,frog
4533,horse
4534,deer
4535,car
4536,bird
4537,truck
4538,deer
4539,deer
4540,ship
4541,car
4542,dog
4543,bird
4544,bird
4545,cat
4546,bird
4547,truck
4548,truck
4549,bird
4550,horse
4551,dog
4552,truck
4553,ship
4554,ship
4555,plane
4556,bird
4557,ship
4558,bird
4559,deer
4560,ship
4561,frog
4562,truck
4563,truck
4564,ship
4565,ship
4566,truck
4567,bird
4568,deer
4569,car
4570,deer
4571,frog
4572,frog
4573,ship
4574,truck
4575,bird
4576,frog
4577,car
4578,cat
4579,plane
4580,ship
4581,cat
4582,frog
4583,horse
4584,plane
4585,deer
4586,truck
4587,plane
4588,ship
4589,car
4590,truck
4591,frog
4592,horse
4593,truck
4594,truck
4595,ship
4596,plane
4597,bird
4598,truck
4599,horse
4600,horse
4601,dog
4602,deer
4603,car
4604,truck
4605,ship
4606,cat
4607,frog
4608,frog
4609,cat
4610,ship
4611,cat
4612,frog
4613,ship
4614,cat
4615,car
4616,bird
4617,dog
4618,cat
4619,horse
4620,truck
4621,frog
4622,car
4623,frog
4624,frog
4625,frog
4626,deer
4627,truck
4628,dog
4629,ship
4630,frog
4631,dog
4632,ship
4633,bird
4634,truck
4635,dog
4636,deer
4637,car
4638,plane
4639,ship
4640,plane
4641,truck
4642,frog
4643,dog
4644,horse
4645,truck
4646,dog
4647,frog
4648,deer
4649,deer
4650,horse
4651,car
4652,frog
4653,bird
4654,deer
4655,bird
4656,bird
4657,deer
4658,truck
4659,cat
4660,frog
4661,truck
4662,cat
4663,bird
4664,car
4665,dog
4666,plane
4667,ship
4668,truck
4669,truck
4670,frog
4671,frog
4672,bird
4673,frog
4674,horse
4675,frog
4676,deer
4677,deer
4678,plane
4679,dog
4680,dog
4681,ship
4682,truck
4683,bird
4684,car
4685,bird
4686,cat
4687,deer
4688,horse
4689,frog
4690,cat
4691,truck
4692,truck
4693,frog
4694,dog
4695,dog
4696,dog
4697,horse
4698,frog
4699,horse
4700,plane
4701,frog
4702,deer
4703,deer
4704,bird
4705,ship
4706,cat
4707,deer
4708,ship
4709,plane
4710,cat
4711,cat
4712,ship
4713,car
4714,deer
4715,horse
4716,dog
4717,cat
4718,ship
4719,deer
4720,horse
4721,frog
4722,bird
4723,frog
4724,horse
4725,frog
4726,plane
4727,frog
4728,frog
4729,cat
4730,ship
4731,deer
4732,frog
4733,bird
4734,deer
4735,horse
4736,car
4737,frog
4738,deer
4739,car
4740,dog
4741,bird
4742,ship
4743,frog
4744,ship
4745,frog
4746,truck
4747,truck
4748,cat
4749,ship
4750,plane
4751,frog
4752,dog
4753,deer
4754,car
4755,ship
4756,horse
4757,frog
4758,cat
4759,car
4760,horse
4761,ship
4762,deer
4763,car
4764,cat
4765,truck
4766,frog
4767,ship
4768,frog
4769,frog
4770,frog
4771,dog
4772,truck
4773,deer
4774,car
4775,cat
4776,cat
4777,bird
4778,frog
4779,truck
4780,plane
4781,frog
4782,truck
4783,deer
4784,plane
4785,plane
4786,frog
4787,frog
4788,car
4789,truck
4790,truck
4791,horse
4792,plane
4793,ship
4794,truck
4795,plane
4796,car
4797,car
4798,bird
4799,cat
4800,dog
4801,dog
4802,frog
4803,car
4804,plane
4805,dog
4806,plane
4807,frog
4808,car
4809,ship
4810,frog
4811,cat
4812,ship
4813,dog
4814,deer
4815,cat
4816,cat
4817,deer
4818,horse
4819,deer
4820,deer
4821,cat
4822,frog
4823,frog
4824,frog
4825,horse
4826,ship
4827,ship
4828,cat
4829,bird
4830,frog
4831,bird
4832,bird
4833,plane
4834,deer
4835,dog
4836,frog
4837,ship
4838,dog
4839,car
4840,plane
4841,dog
4842,truck
4843,cat
4844,deer
4845,bird
4846,deer
4847,frog
4848,plane
4849,bird
4850,ship
4851,cat
4852,dog
4853,plane
4854,ship
4855,truck
4856,bird
4857,ship
4858,plane
4859,truck
4860,plane
4861,ship
4862,frog
4863,truck
4864,deer
4865,ship
4866,plane
4867,deer
4868,dog
4869,deer
4870,frog
4871,ship
4872,dog
4873,cat
4874,ship
4875,deer
4876,plane
4877,ship
4878,bird
4879,bird
4880,dog
4881,cat
4882,plane
4883,deer
4884,frog
4885,frog
4886,cat
4887,truck
4888,frog
4889,frog
4890,deer
4891,frog
4892,car
4893,horse
4894,frog
4895,horse
4896,plane
4897,car
4898,car
4899,cat
4900,cat
4901,car
4902,frog
4903,dog
4904,deer
4905,bird
4906,dog
4907,frog
4908,truck
4909,deer
4910,bird
4911,cat
4912,deer
4913,horse
4914,deer
4915,truck
4916,dog
4917,car
4918,plane
4919,deer
4920,plane
4921,truck
4922,car
4923,frog
4924,plane
4925,car
4926,cat
4927,cat
4928,dog
4929,plane
4930,ship
4931,bird
4932,cat
4933,dog
4934,horse
4935,dog
4936,car
4937,frog
4938,horse
4939,frog
4940,ship
4941,frog
4942,dog
4943,truck
4944,car
4945,cat
4946,deer
4947,dog
4948,dog
4949,cat
4950,deer
4951,deer
4952,truck
4953,cat
4954,bird
4955,car
4956,horse
4957,horse
4958,car
4959,frog
4960,plane
4961,ship
4962,horse
4963,ship
4964,ship
4965,ship
4966,plane
4967,ship
4968,plane
4969,car
4970,ship
4971,cat
4972,bird
4973,ship
4974,deer
4975,truck
4976,deer
4977,cat
4978,deer
4979,car
4980,car
4981,frog
4982,plane
4983,plane
4984,bird
4985,ship
4986,truck
4987,dog
4988,dog
4989,truck
4990,truck
4991,ship
4992,plane
4993,ship
4994,dog
4995,frog
4996,bird
4997,frog
4998,plane
4999,horse
5000,deer
5001,frog
5002,horse
5003,dog
5004,horse
5005,deer
5006,truck
5007,horse
5008,plane
5009,bird
5010,truck
5011,bird
5012,cat
5013,car
5014,dog
5015,horse
5016,truck
5017,horse
5018,bird
5019,ship
5020,truck
5021,truck
5022,ship
5023,car
5024,dog
5025,ship
5026,deer
5027,deer
5028,dog
5029,deer
5030,truck
5031,ship
5032,deer
5033,car
5034,ship
5035,car
5036,ship
5037,car
5038,ship
5039,frog
5040,cat
5041,frog
5042,horse
5043,ship
5044,cat
5045,truck
5046,truck
5047,dog
5048,deer
5049,bird
5050,truck
5051,bird
5052,car
5053,bird
5054,frog
5055,ship
5056,ship
5057,horse
5058,ship
5059,car
5060,cat
5061,dog
5062,horse
5063,ship
5064,deer
5065,frog
5066,frog
5067,plane
5068,bird
5069,truck
5070,frog
5071,horse
5072,truck
5073,horse
5074,truck
5075,plane
5076,deer
5077,plane
5078,ship
5079,bird
5080,truck
5081,plane
5082,horse
5083,frog
5084,car
5085,horse
5086,plane
5087,ship
5088,ship
5089,ship
5090,ship
5091,dog
5092,car
5093,car
5094,plane
5095,plane
5096,frog
5097,plane
5098,frog
5099,truck
5100,ship
5101,car
5102,ship
5103,car
5104,ship
5105,plane
5106,horse
5107,cat
5108,bird
5109,deer
5110,truck
5111,horse
5112,plane
5113,truck
5114,ship
5115,plane
5116,plane
5117,truck
5118,ship
5119,bird
5120,plane
5121,bird
5122,cat
5123,bird
5124,frog
5125,ship
5126,ship
5127,bird
5128,truck
5129,truck
5130,ship
5131,truck
5132,frog
5133,car
5134,horse
5135,car
5136,dog
5137,cat
5138,car
5139,bird
5140,car
5141,cat
5142,deer
5143,dog
5144,truck
5145,car
5146,frog
5147,plane
5148,ship
5149,truck
5150,horse
5151,cat
5152,plane
5153,truck
5154,car
5155,ship
5156,frog
5157,deer
5158,car
5159,horse
5160,car
5161,horse
5162,ship
5163,car
5164,ship
5165,ship
5166,cat
5167,bird
5168,deer
5169,truck
5170,frog
5171,plane
5172,frog
5173,frog
5174,bird
5175,frog
5176,deer
5177,truck
5178,ship
5179,car
5180,horse
5181,dog
5182,bird
5183,cat
5184,horse
5185,ship
5186,deer
5187,car
5188,plane
5189,ship
5190,car
5191,plane
5192,car
5193,cat
5194,frog
5195,horse
5196,dog
5197,frog
5198,deer
5199,plane
5200,plane
5201,plane
5202,cat
5203,cat
5204,plane
5205,frog
5206,plane
5207,ship
5208,cat
5209,cat
5210,frog
5211,deer
5212,truck
5213,ship
5214,frog
5215,ship
5216,cat
5217,truck
5218,truck
5219,dog
5220,car
5221,ship
5222,bird
5223,dog
5224,truck
5225,cat
5226,bird
5227,frog
5228,car
5229,dog
5230,frog
5231,dog
5232,frog
5233,horse
5234,car
5235,car
5236,plane
5237,plane
5238,deer
5239,plane
5240,car
5241,frog
5242,cat
5243,truck
5244,frog
5245,truck
5246,cat
5247,frog
5248,plane
5249,dog
5250,horse
5251,bird
5252,car
5253,deer
5254,truck
5255,horse
5256,car
5257,bird
5258,frog
5259,horse
5260,cat
5261,frog
5262,plane
5263,car
5264,cat
5265,ship
5266,plane
5267,bird
5268,frog
5269,dog
5270,plane
5271,dog
5272,deer
5273,frog
5274,ship
5275,deer
5276,cat
5277,horse
5278,plane
5279,horse
5280,truck
5281,bird
5282,horse
5283,ship
5284,dog
5285,truck
5286,plane
5287,cat
5288,cat
5289,frog
5290,deer
5291,horse
5292,deer
5293,deer
5294,ship
5295,deer
5296,frog
5297,ship
5298,deer
5299,truck
5300,cat
5301,horse
5302,truck
5303,ship
5304,deer
5305,deer
5306,horse
5307,frog
5308,plane
5309,bird
5310,frog
5311,bird
5312,horse
5313,frog
5314,horse
5315,plane
5316,truck
5317,ship
5318,horse
5319,ship
5320,plane
5321,truck
5322,cat
5323,truck
5324,dog
5325,ship
5326,bird
5327,horse
5328,ship
5329,plane
5330,ship
5331,bird
5332,car
5333,car
5334,dog
5335,bird
5336,frog
5337,dog
5338,ship
5339,horse
5340,ship
5341,bird
5342,bird
5343,horse
5344,cat
5345,dog
5346,cat
5347,car
5348,deer
5349,deer
5350,plane
5351,truck
5352,truck
5353,ship
5354,deer
5355,truck
5356,horse
5357,truck
5358,truck
5359,ship
5360,bird
5361,ship
5362,dog
5363,horse
5364,cat
5365,bird
5366,dog
5367,bird
5368,plane
5369,bird
5370,dog
5371,dog
5372,plane
5373,frog
5374,bird
5375,horse
5376,cat
5377,plane
5378,dog
5379,ship
5380,bird
5381,ship
5382,truck
5383,ship
5384,car
5385,car
5386,horse
5387,ship
5388,ship
5389,cat
5390,horse
5391,dog
5392,cat
5393,plane
5394,car
5395,car
5396,ship
5397,deer
5398,deer
5399,bird
5400,truck
5401,ship
5402,truck
5403,deer
5404,bird
5405,bird
5406,truck
5407,frog
5408,bird
5409,cat
5410,truck
5411,truck
5412,plane
5413,deer
5414,ship
5415,truck
5416,truck
5417,bird
5418,frog
5419,ship
5420,ship
5421,frog
5422,ship
5423,car
5424,cat
5425,ship
5426,deer
5427,frog
5428,frog
5429,horse
5430,car
5431,truck
5432,dog
5433,bird
5434,dog
5435,horse
5436,deer
5437,horse
5438,plane
5439,ship
5440,car
5441,car
5442,frog
5443,truck
5444,frog
5445,deer
5446,frog
5447,plane
5448,cat
5449,bird
5450,truck
5451,truck
5452,dog
5453,deer
5454,truck
5455,ship
5456,deer
5457,dog
5458,truck
5459,horse
5460,car
5461,plane
5462,frog
5463,cat
5464,plane
5465,ship
5466,bird
5467,ship
5468,cat
5469,ship
5470,deer
5471,deer
5472,dog
5473,car
5474,bird
5475,ship
5476,car
5477,deer
5478,deer
5479,ship
5480,cat
5481,cat
5482,deer
5483,car
5484,plane
5485,ship
5486,horse
5487,ship
5488,dog
5489,truck
5490,ship
5491,dog
5492,deer
5493,dog
5494,car
5495,ship
5496,deer
5497,plane
5498,ship
5499,dog
5500,plane
5501,deer
5502,truck
5503,truck
5504,bird
5505,truck
5506,ship
5507,cat
5508,ship
5509,frog
5510,dog
5511,horse
5512,deer
5513,frog
5514,deer
5515,frog
5516,deer
5517,horse
5518,frog
5519,deer
5520,ship
5521,deer
5522,car
5523,deer
5524,dog
5525,ship
5526,bird
5527,dog
5528,plane
5529,truck
5530,deer
5531,ship
5532,ship
5533,car
5534,ship
5535,truck
5536,deer
5537,dog
5538,truck
5539,cat
5540,car
5541,car
5542,truck
5543,dog
5544,bird
5545,ship
5546,deer
5547,deer
5548,horse
5549,deer
5550,frog
5551,truck
5552,ship
5553,horse
5554,ship
5555,plane
5556,horse
5557,plane
5558,deer
5559,bird
5560,deer
5561,bird
5562,deer
5563,bird
5564,ship
5565,deer
5566,ship
5567,dog
5568,cat
5569,cat
5570,plane
5571,truck
5572,horse
5573,truck
5574,truck
5575,truck
5576,plane
5577,horse
5578,deer
5579,bird
5580,deer
5581,deer
5582,truck
5583,car
5584,cat
5585,truck
5586,car
5587,frog
5588,frog
5589,bird
5590,deer
5591,frog
5592,truck
5593,bird
5594,frog
5595,horse
5596,car
5597,car
5598,dog
5599,dog
5600,cat
5601,dog
5602,ship
5603,car
5604,car
5605,bird
5606,cat
5607,truck
5608,dog
5609,deer
5610,bird
5611,cat
5612,horse
5613,dog
5614,cat
5615,cat
5616,truck
5617,horse
5618,frog
5619,frog
5620,dog
5621,bird
5622,deer
5623,plane
5624,deer
5625,bird
5626,frog
5627,bird
5628,deer
5629,horse
5630,ship
5631,bird
5632,car
5633,plane
5634,cat
5635,plane
5636,deer
5637,truck
5638,deer
5639,frog
5640,truck
5641,frog
5642,ship
5643,ship
5644,cat
5645,truck
5646,ship
5647,dog
5648,plane
5649,ship
5650,ship
5651,ship
5652,frog
5653,truck
5654,frog
5655,frog
5656,deer
5657,ship
5658,car
5659,cat
5660,plane
5661,ship
5662,deer
5663,plane
5664,frog
5665,truck
5666,cat
5667,plane
5668,dog
5669,ship
5670,plane
5671,frog
5672,frog
5673,dog
5674,dog
5675,bird
5676,bird
5677,horse
5678,ship
5679,car
5680,cat
5681,car
5682,deer
5683,dog
5684,horse
5685,bird
5686,deer
5687,car
5688,frog
5689,dog
5690,frog
5691,plane
5692,horse
5693,bird
5694,frog
5695,horse
5696,frog
5697,truck
5698,deer
5699,bird
5700,dog
5701,cat
5702,truck
5703,frog
5704,truck
5705,dog
5706,deer
5707,horse
5708,horse
5709,car
5710,bird
5711,frog
5712,dog
5713,truck
5714,bird
5715,truck
5716,truck
5717,cat
5718,deer
5719,truck
5720,dog
5721,truck
5722,dog
5723,frog
5724,horse
5725,horse
5726,frog
5727,frog
5728,car
5729,frog
5730,deer
5731,plane
5732,ship
5733,car
5734,car
5735,cat
5736,dog
5737,car
5738,plane
5739,ship
5740,truck
5741,bird
5742,ship
5743,ship
5744,cat
5745,frog
5746,car
5747,frog
5748,truck
5749,bird
5750,dog
5751,car
5752,truck
5753,frog
5754,frog
5755,plane
5756,cat
5757,ship
5758,horse
5759,deer
5760,cat
5761,dog
5762,frog
5763,dog
5764,truck
5765,deer
5766,truck
5767,frog
5768,cat
5769,frog
5770,cat
5771,car
5772,ship
5773,deer
5774,frog
5775,deer
5776,ship
5777,horse
5778,cat
5779,deer
5780,bird
5781,car
5782,bird
5783,deer
5784,frog
5785,ship
5786,bird
5787,bird
5788,bird
5789,deer
5790,ship
5791,deer
5792,deer
5793,cat
5794,truck
5795,bird
5796,frog
5797,bird
5798,deer
5799,deer
5800,bird
5801,deer
5802,bird
5803,frog
5804,ship
5805,plane
5806,car
5807,car
5808,deer
5809,horse
5810,ship
5811,bird
5812,ship
5813,car
5814,frog
5815,ship
5816,horse
5817,plane
5818,plane
5819,car
5820,car
5821,frog
5822,frog
5823,ship
5824,frog
5825,ship
5826,frog
5827,cat
5828,truck
5829,frog
5830,cat
5831,cat
5832,frog
5833,plane
5834,deer
5835,deer
5836,dog
5837,cat
5838,car
5839,ship
5840,frog
5841,deer
5842,cat
5843,car
5844,horse
5845,truck
5846,truck
5847,cat
5848,frog
5849,cat
5850,frog
5851,bird
5852,plane
5853,dog
5854,cat
5855,car
5856,cat
5857,bird
5858,deer
5859,frog
5860,ship
5861,truck
5862,plane
5863,truck
5864,horse
5865,deer
5866,plane
5867,plane
5868,frog
5869,plane
5870,truck
5871,car
5872,car
5873,car
5874,car
5875,bird
5876,frog
5877,dog
5878,plane
5879,plane
5880,frog
5881,horse
5882,frog
5883,horse
5884,deer
5885,cat
5886,frog
5887,cat
5888,cat
5889,ship
5890,truck
5891,plane
5892,plane
5893,bird
5894,deer
5895,frog
5896,frog
5897,deer
5898,frog
5899,horse
5900,ship
5901,plane
5902,ship
5903,deer
5904,ship
5905,dog
5906,horse
5907,truck
5908,dog
5909,frog
5910,plane
5911,ship
5912,bird
5913,car
5914,bird
5915,deer
5916,ship
5917,horse
5918,horse
5919,bird
5920,plane
5921,frog
5922,dog
5923,car
5924,truck
5925,frog
5926,truck
5927,deer
5928,bird
5929,cat
5930,bird
5931,ship
5932,horse
5933,deer
5934,frog
5935,frog
5936,car
5937,truck
5938,ship
5939,ship
5940,ship
5941,frog
5942,bird
5943,frog
5944,car
5945,horse
5946,ship
5947,horse
5948,bird
5949,truck
5950,cat
5951,cat
5952,ship
5953,frog
5954,horse
5955,bird
5956,frog
5957,cat
5958,ship
5959,dog
5960,deer
5961,truck
5962,frog
5963,frog
5964,ship
5965,car
5966,deer
5967,frog
5968,frog
5969,ship
5970,truck
5971,car
5972,deer
5973,dog
5974,ship
5975,cat
5976,frog
5977,truck
5978,truck
5979,ship
5980,frog
5981,bird
5982,car
5983,dog
5984,ship
5985,ship
5986,car
5987,plane
5988,frog
5989,ship
5990,plane
5991,cat
5992,frog
5993,ship
5994,cat
5995,bird
5996,car
5997,deer
5998,cat
5999,cat
6000,horse
6001,ship
6002,cat
6003,horse
6004,bird
6005,frog
6006,car
6007,car
6008,deer
6009,dog
6010,cat
6011,cat
6012,ship
6013,frog
6014,cat
6015,plane
6016,dog
6017,cat
6018,cat
6019,deer
6020,plane
6021,cat
6022,truck
6023,frog
6024,frog
6025,deer
6026,horse
6027,ship
6028,car
6029,plane
6030,horse
6031,bird
6032,deer
6033,deer
6034,cat
6035,dog
6036,deer
6037,frog
6038,frog
6039,truck
6040,ship
6041,bird
6042,deer
6043,frog
6044,truck
6045,frog
6046,car
6047,truck
6048,deer
6049,car
6050,truck
6051,ship
6052,bird
6053,cat
6054,frog
6055,horse
6056,horse
6057,deer
6058,horse
6059,truck
6060,dog
6061,horse
6062,plane
6063,truck
6064,plane
6065,car
6066,bird
6067,car
6068,deer
6069,frog
6070,frog
6071,frog
6072,deer
6073,deer
6074,car
6075,frog
6076,frog
6077,dog
6078,truck
6079,plane
6080,horse
6081,dog
6082,cat
6083,frog
6084,frog
6085,frog
6086,truck
6087,cat
6088,truck
6089,bird
6090,truck
6091,plane
6092,dog
6093,deer
6094,ship
6095,ship
6096,bird
6097,car
6098,truck
6099,dog
6100,truck
6101,frog
6102,deer
6103,car
6104,frog
6105,frog
6106,frog
6107,truck
6108,horse
6109,frog
6110,horse
6111,plane
6112,bird
6113,deer
6114,dog
6115,horse
6116,cat
6117,plane
6118,truck
6119,plane
6120,dog
6121,truck
6122,deer
6123,dog
6124,truck
6125,deer
6126,dog
6127,ship
6128,bird
6129,horse
6130,car
6131,car
6132,ship
6133,bird
6134,dog
6135,plane
6136,dog
6137,plane
6138,dog
6139,frog
6140,cat
6141,ship
6142,car
6143,frog
6144,dog
6145,frog
6146,deer
6147,frog
6148,plane
6149,plane
6150,car
6151,cat
6152,cat
6153,horse
6154,ship
6155,frog
6156,dog
6157,bird
6158,cat
6159,plane
6160,deer
6161,car
6162,frog
6163,dog
6164,cat
6165,car
6166,ship
6167,ship
6168,cat
6169,plane
6170,truck
6171,frog
6172,frog
6173,frog
6174,ship
6175,bird
6176,truck
6177,bird
6178,horse
6179,dog
6180,car
6181,frog
6182,horse
6183,horse
6184,horse
6185,dog
6186,plane
6187,bird
6188,ship
6189,plane
6190,ship
6191,horse
6192,frog
6193,truck
6194,dog
6195,cat
6196,bird
6197,cat
6198,truck
6199,plane
6200,frog
6201,deer
6202,cat
6203,truck
6204,ship
6205,car
6206,car
6207,bird
6208,frog
6209,dog
6210,car
6211,plane
6212,cat
6213,deer
6214,horse
6215,frog
6216,ship
6217,dog
6218,cat
6219,plane
6220,frog
6221,deer
6222,dog
6223,plane
6224,plane
6225,truck
6226,bird
6227,cat
6228,deer
6229,car
6230,ship
6231,truck
6232,bird
6233,deer
6234,plane
6235,bird
6236,bird
6237,plane
6238,ship
6239,horse
6240,dog
6241,ship
6242,dog
6243,truck
6244,truck
6245,deer
6246,frog
6247,deer
6248,horse
6249,frog
6250,dog
6251,car
6252,truck
6253,horse
6254,plane
6255,frog
6256,car
6257,bird
6258,car
6259,plane
6260,cat
6261,frog
6262,car
6263,plane
6264,car
6265,frog
6266,car
6267,car
6268,horse
6269,plane
6270,deer
6271,bird
6272,bird
6273,horse
6274,truck
6275,frog
6276,cat
6277,truck
6278,ship
6279,cat
6280,car
6281,frog
6282,frog
6283,dog
6284,bird
6285,cat
6286,truck
6287,frog
6288,frog
6289,car
6290,frog
6291,truck
6292,horse
6293,car
6294,bird
6295,horse
6296,ship
6297,truck
6298,frog
6299,bird
6300,car
6301,ship
6302,dog
6303,bird
6304,bird
6305,frog
6306,truck
6307,car
6308,horse
6309,truck
6310,horse
6311,deer
6312,plane
6313,plane
6314,deer
6315,car
6316,car
6317,ship
6318,ship
6319,car
6320,deer
6321,dog
6322,frog
6323,frog
6324,cat
6325,horse
6326,deer
6327,truck
6328,dog
6329,deer
6330,horse
6331,dog
6332,car
6333,deer
6334,ship
6335,horse
6336,deer
6337,cat
6338,deer
6339,ship
6340,car
6341,horse
6342,deer
6343,cat
6344,ship
6345,bird
6346,truck
6347,bird
6348,frog
6349,ship
6350,deer
6351,bird
6352,deer
6353,car
6354,cat
6355,plane
6356,car
6357,frog
6358,car
6359,bird
6360,horse
6361,bird
6362,ship
6363,truck
6364,ship
6365,car
6366,frog
6367,ship
6368,truck
6369,plane
6370,horse
6371,plane
6372,frog
6373,dog
6374,truck
6375,dog
6376,frog
6377,deer
6378,bird
6379,frog
6380,car
6381,frog
6382,bird
6383,plane
6384,bird
6385,dog
6386,cat
6387,dog
6388,frog
6389,ship
6390,bird
6391,ship
6392,truck
6393,truck
6394,truck
6395,dog
6396,horse
6397,horse
6398,ship
6399,plane
6400,bird
6401,ship
6402,bird
6403,cat
6404,deer
6405,horse
6406,frog
6407,cat
6408,horse
6409,plane
6410,plane
6411,frog
6412,frog
6413,truck
6414,dog
6415,bird
6416,truck
6417,car
6418,ship
6419,frog
6420,dog
6421,deer
6422,bird
6423,car
6424,deer
6425,frog
6426,dog
6427,horse
6428,plane
6429,deer
6430,ship
6431,frog
6432,deer
6433,bird
6434,cat
6435,cat
6436,frog
6437,cat
6438,deer
6439,frog
6440,ship
6441,deer
6442,cat
6443,horse
6444,horse
6445,cat
6446,cat
6447,bird
6448,frog
6449,bird
6450,ship
6451,ship
6452,deer
6453,deer
6454,deer
6455,dog
6456,horse
6457,car
6458,frog
6459,deer
6460,cat
6461,car
6462,car
6463,car
6464,car
6465,deer
6466,bird
6467,ship
6468,frog
6469,frog
6470,deer
6471,bird
6472,ship
6473,car
6474,deer
6475,plane
6476,deer
6477,cat
6478,deer
6479,ship
6480,car
6481,plane
6482,horse
6483,bird
6484,truck
6485,bird
6486,frog
6487,dog
6488,frog
6489,plane
6490,plane
6491,deer
6492,plane
6493,deer
6494,truck
6495,ship
6496,frog
6497,deer
6498,plane
6499,horse
6500,dog
6501,dog
6502,plane
6503,bird
6504,deer
6505,cat
6506,truck
6507,deer
6508,deer
6509,ship
6510,ship
6511,dog
6512,frog
6513,cat
6514,plane
6515,ship
6516,truck
6517,cat
6518,deer
6519,plane
6520,car
6521,truck
6522,truck
6523,dog
6524,frog
6525,ship
6526,bird
6527,plane
6528,truck
6529,horse
6530,bird
6531,car
6532,ship
6533,bird
6534,car
6535,car
6536,truck
6537,ship
6538,frog
6539,horse
6540,car
6541,cat
6542,cat
6543,dog
6544,deer
6545,ship
6546,cat
6547,deer
6548,dog
6549,dog
6550,frog
6551,deer
6552,ship
6553,deer
6554,ship
6555,bird
6556,dog
6557,plane
6558,ship
6559,truck
6560,bird
6561,ship
6562,dog
6563,deer
6564,ship
6565,frog
6566,frog
6567,deer
6568,car
6569,cat
6570,cat
6571,bird
6572,ship
6573,frog
6574,plane
6575,bird
6576,car
6577,truck
6578,car
6579,cat
6580,bird
6581,cat
6582,truck
6583,deer
6584,ship
6585,cat
6586,truck
6587,ship
6588,deer
6589,truck
6590,cat
6591,dog
6592,plane
6593,truck
6594,frog
6595,deer
6596,cat
6597,bird
6598,truck
6599,ship
6600,car
6601,car
6602,ship
6603,frog
6604,frog
6605,dog
6606,plane
6607,bird
6608,deer
6609,horse
6610,plane
6611,deer
6612,ship
6613,frog
6614,truck
6615,truck
6616,dog
6617,frog
6618,ship
6619,horse
6620,dog
6621,dog
6622,deer
6623,deer
6624,deer
6625,horse
6626,horse
6627,horse
6628,dog
6629,horse
6630,car
6631,bird
6632,ship
6633,dog
6634,dog
6635,cat
6636,plane
6637,bird
6638,bird
6639,dog
6640,horse
6641,plane
6642,frog
6643,cat
6644,frog
6645,deer
6646,frog
6647,horse
6648,ship
6649,car
6650,frog
6651,frog
6652,plane
6653,horse
6654,truck
6655,truck
6656,plane
6657,car
6658,dog
6659,dog
6660,truck
6661,horse
6662,horse
6663,frog
6664,bird
6665,dog
6666,ship
6667,bird
6668,car
6669,car
6670,dog
6671,frog
6672,dog
6673,car
6674,ship
6675,frog
6676,deer
6677,ship
6678,ship
6679,ship
6680,ship
6681,bird
6682,bird
6683,dog
6684,frog
6685,deer
6686,frog
6687,cat
6688,truck
6689,ship
6690,bird
6691,deer
6692,cat
6693,truck
6694,frog
6695,deer
6696,dog
6697,cat
6698,ship
6699,ship
6700,horse
6701,plane
6702,frog
6703,truck
6704,ship
6705,bird
6706,ship
6707,frog
6708,deer
6709,bird
6710,plane
6711,plane
6712,deer
6713,deer
6714,bird
6715,deer
6716,frog
6717,frog
6718,frog
6719,bird
6720,horse
6721,bird
6722,ship
6723,ship
6724,cat
6725,cat
6726,deer
6727,dog
6728,ship
6729,deer
6730,truck
6731,plane
6732,truck
6733,car
6734,frog
6735,truck
6736,horse
6737,deer
6738,dog
6739,frog
6740,cat
6741,ship
6742,truck
6743,dog
6744,ship
6745,plane
6746,deer
6747,horse
6748,horse
6749,car
6750,horse
6751,dog
6752,ship
6753,deer
6754,plane
6755,ship
6756,cat
6757,car
6758,car
6759,cat
6760,ship
6761,plane
6762,horse
6763,plane
6764,bird
6765,cat
6766,horse
6767,horse
6768,plane
6769,horse
6770,ship
6771,cat
6772,bird
6773,frog
6774,deer
6775,frog
6776,truck
6777,plane
6778,deer
6779,bird
6780,truck
6781,car
6782,ship
6783,ship
6784,ship
6785,dog
6786,car
6787,horse
6788,bird
6789,deer
6790,truck
6791,truck
6792,truck
6793,bird
6794,cat
6795,truck
6796,plane
6797,frog
6798,truck
6799,dog
6800,frog
6801,cat
6802,bird
6803,ship
6804,horse
6805,deer
6806,frog
6807,truck
6808,ship
6809,frog
6810,ship
6811,deer
6812,cat
6813,bird
6814,truck
6815,frog
6816,truck
6817,cat
6818,cat
6819,bird
6820,bird
6821,truck
6822,ship
6823,frog
6824,ship
6825,frog
6826,plane
6827,horse
6828,bird
6829,frog
6830,deer
6831,plane
6832,car
6833,cat
6834,plane
6835,bird
6836,frog
6837,horse
6838,frog
6839,horse
6840,ship
6841,truck
6842,ship
6843,deer
6844,ship
6845,ship
6846,frog
6847,truck
6848,cat
6849,plane
6850,car
6851,car
6852,cat
6853,ship
6854,horse
6855,horse
6856,deer
6857,cat
6858,dog
6859,truck
6860,deer
6861,frog
6862,cat
6863,frog
6864,cat
6865,cat
6866,dog
6867,horse
6868,ship
6869,horse
6870,plane
6871,frog
6872,bird
6873,frog
6874,bird
6875,cat
6876,bird
6877,dog
6878,car
6879,horse
6880,bird
6881,bird
6882,bird
6883,horse
6884,horse
6885,horse
6886,ship
6887,deer
6888,dog
6889,frog
6890,frog
6891,bird
6892,horse
6893,bird
6894,horse
6895,ship
6896,cat
6897,dog
6898,ship
6899,horse
6900,deer
6901,frog
6902,car
6903,car
6904,deer
6905,plane
6906,car
6907,truck
6908,car
6909,deer
6910,truck
6911,ship
6912,car
6913,ship
6914,bird
6915,bird
6916,deer
6917,deer
6918,frog
6919,horse
6920,plane
6921,truck
6922,cat
6923,car
6924,car
6925,ship
6926,bird
6927,bird
6928,frog
6929,dog
6930,truck
6931,deer
6932,cat
6933,car
6934,frog
6935,horse
6936,frog
6937,deer
6938,truck
6939,truck
6940,ship
6941,cat
6942,bird
6943,cat
6944,deer
6945,frog
6946,truck
6947,deer
6948,bird
6949,frog
6950,cat
6951,frog
6952,car
6953,frog
6954,frog
6955,truck
6956,bird
6957,horse
6958,deer
6959,truck
6960,frog
6961,deer
6962,deer
6963,frog
6964,dog
6965,plane
6966,truck
6967,cat
6968,horse
6969,truck
6970,horse
6971,truck
6972,frog
6973,horse
6974,car
6975,dog
6976,dog
6977,frog
6978,plane
6979,deer
6980,frog
6981,deer
6982,frog
6983,bird
6984,frog
6985,cat
6986,cat
6987,truck
6988,bird
6989,deer
6990,ship
6991,car
6992,dog
6993,truck
6994,ship
6995,bird
6996,deer
6997,frog
6998,truck
6999,dog
7000,ship
7001,truck
7002,car
7003,deer
7004,dog
7005,frog
7006,horse
7007,ship
7008,horse
7009,bird
7010,plane
7011,frog
7012,ship
7013,deer
7014,bird
7015,truck
7016,frog
7017,frog
7018,frog
7019,deer
7020,horse
7021,bird
7022,bird
7023,cat
7024,horse
7025,dog
7026,frog
7027,cat
7028,plane
7029,cat
7030,ship
7031,frog
7032,plane
7033,plane
7034,ship
7035,plane
7036,dog
7037,dog
7038,bird
7039,deer
7040,frog
7041,cat
7042,horse
7043,car
7044,horse
7045,bird
7046,frog
7047,ship
7048,horse
7049,car
7050,deer
7051,dog
7052,ship
7053,deer
7054,dog
7055,plane
7056,bird
7057,frog
7058,ship
7059,deer
7060,frog
7061,car
7062,frog
7063,deer
7064,ship
7065,plane
7066,ship
7067,ship
7068,frog
7069,bird
7070,bird
7071,frog
7072,horse
7073,frog
7074,dog
7075,horse
7076,plane
7077,ship
7078,horse
7079,cat
7080,deer
7081,horse
7082,bird
7083,ship
7084,truck
7085,deer
7086,ship
7087,truck
7088,horse
7089,car
7090,frog
7091,dog
7092,plane
7093,horse
7094,bird
7095,bird
7096,ship
7097,frog
7098,frog
7099,frog
7100,car
7101,plane
7102,ship
7103,ship
7104,car
7105,plane
7106,horse
7107,car
7108,ship
7109,car
7110,car
7111,deer
7112,ship
7113,ship
7114,truck
7115,frog
7116,plane
7117,truck
7118,deer
7119,plane
7120,frog
7121,car
7122,bird
7123,truck
7124,car
7125,deer
7126,truck
7127,truck
7128,horse
7129,cat
7130,ship
7131,bird
7132,frog
7133,frog
7134,bird
7135,deer
7136,car
7137,plane
7138,dog
7139,ship
7140,car
7141,bird
7142,ship
7143,cat
7144,ship
7145,frog
7146,truck
7147,frog
7148,dog
7149,truck
7150,cat
7151,dog
7152,cat
7153,dog
7154,plane
7155,horse
7156,ship
7157,plane
7158,frog
7159,truck
7160,truck
7161,plane
7162,bird
7163,horse
7164,horse
7165,ship
7166,deer
7167,truck
7168,horse
7169,truck
7170,bird
7171,plane
7172,plane
7173,dog
7174,frog
7175,truck
7176,truck
7177,cat
7178,deer
7179,frog
7180,car
7181,truck
7182,truck
7183,dog
7184,ship
7185,frog
7186,car
7187,horse
7188,cat
7189,frog
7190,plane
7191,truck
7192,horse
7193,deer
7194,car
7195,deer
7196,car
7197,horse
7198,plane
7199,frog
7200,plane
7201,dog
7202,plane
7203,plane
7204,car
7205,dog
7206,frog
7207,ship
7208,plane
7209,truck
7210,deer
7211,horse
7212,dog
7213,deer
7214,ship
7215,ship
7216,truck
7217,dog
7218,cat
7219,ship
7220,plane
7221,horse
7222,plane
7223,car
7224,frog
7225,ship
7226,frog
7227,ship
7228,dog
7229,frog
7230,truck
7231,car
7232,plane
7233,plane
7234,frog
7235,horse
7236,plane
7237,plane
7238,ship
7239,cat
7240,bird
7241,deer
7242,bird
7243,cat
7244,bird
7245,horse
7246,plane
7247,frog
7248,car
7249,car
7250,bird
7251,horse
7252,frog
7253,car
7254,bird
7255,dog
7256,truck
7257,bird
7258,deer
7259,deer
7260,horse
7261,bird
7262,ship
7263,truck
7264,ship
7265,ship
7266,cat
7267,ship
7268,car
7269,dog
7270,dog
7271,plane
7272,car
7273,bird
7274,ship
7275,plane
7276,dog
7277,cat
7278,ship
7279,ship
7280,dog
7281,frog
7282,deer
7283,bird
7284,cat
7285,truck
7286,ship
7287,dog
7288,deer
7289,horse
7290,bird
7291,bird
7292,truck
7293,horse
7294,deer
7295,dog
7296,horse
7297,ship
7298,truck
7299,ship
7300,plane
7301,truck
7302,bird
7303,plane
7304,car
7305,frog
7306,deer
7307,bird
7308,horse
7309,frog
7310,truck
7311,ship
7312,plane
7313,frog
7314,ship
7315,dog
7316,bird
7317,dog
7318,deer
7319,deer
7320,bird
7321,frog
7322,car
7323,frog
7324,cat
7325,dog
7326,horse
7327,cat
7328,truck
7329,truck
7330,deer
7331,deer
7332,cat
7333,ship
7334,dog
7335,ship
7336,frog
7337,cat
7338,car
7339,cat
7340,frog
7341,dog
7342,car
7343,bird
7344,dog
7345,cat
7346,cat
7347,frog
7348,truck
7349,dog
7350,deer
7351,dog
7352,frog
7353,bird
7354,bird
7355,truck
7356,cat
7357,deer
7358,frog
7359,cat
7360,horse
7361,ship
7362,dog
7363,dog
7364,deer
7365,cat
7366,car
7367,dog
7368,bird
7369,dog
7370,bird
7371,horse
7372,dog
7373,car
7374,frog
7375,bird
7376,truck
7377,horse
7378,ship
7379,frog
7380,bird
7381,car
7382,truck
7383,horse
7384,car
7385,truck
7386,dog
7387,deer
7388,cat
7389,cat
7390,deer
7391,deer
7392,cat
7393,plane
7394,frog
7395,car
7396,deer
7397,truck
7398,horse
7399,bird
7400,bird
7401,frog
7402,dog
7403,plane
7404,ship
7405,truck
7406,horse
7407,dog
7408,bird
7409,plane
7410,truck
7411,bird
7412,truck
7413,cat
7414,frog
7415,deer
7416,dog
7417,car
7418,frog
7419,deer
7420,bird
7421,ship
7422,horse
7423,car
7424,truck
7425,cat
7426,bird
7427,dog
7428,horse
7429,deer
7430,deer
7431,frog
7432,horse
7433,bird
7434,ship
7435,truck
7436,plane
7437,truck
7438,dog
7439,truck
7440,cat
7441,dog
7442,frog
7443,cat
7444,cat
7445,ship
7446,ship
7447,frog
7448,truck
7449,bird
7450,frog
7451,frog
7452,dog
7453,ship
7454,frog
7455,frog
7456,dog
7457,ship
7458,ship
7459,frog
7460,plane
7461,deer
7462,frog
7463,bird
7464,deer
7465,horse
7466,dog
7467,dog
7468,bird
7469,ship
7470,truck
7471,dog
7472,ship
7473,truck
7474,horse
7475,car
7476,truck
7477,cat
7478,deer
7479,bird
7480,dog
7481,cat
7482,bird
7483,frog
7484,frog
7485,truck
7486,horse
7487,frog
7488,bird
7489,truck
7490,frog
7491,plane
7492,cat
7493,truck
7494,frog
7495,plane
7496,deer
7497,bird
7498,frog
7499,dog
7500,frog
7501,dog
7502,dog
7503,frog
7504,ship
7505,truck
7506,horse
7507,dog
7508,deer
7509,cat
7510,frog
7511,car
7512,cat
7513,frog
7514,frog
7515,horse
7516,plane
7517,car
7518,car
7519,deer
7520,dog
7521,cat
7522,car
7523,deer
7524,cat
7525,dog
7526,deer
7527,car
7528,frog
7529,deer
7530,deer
7531,bird
7532,cat
7533,frog
7534,ship
7535,truck
7536,frog
7537,ship
7538,ship
7539,bird
7540,plane
7541,frog
7542,horse
7543,truck
7544,cat
7545,horse
7546,bird
7547,plane
7548,deer
7549,truck
7550,truck
7551,truck
7552,plane
7553,frog
7554,deer
7555,frog
7556,car
7557,car
7558,bird
7559,bird
7560,ship
7561,deer
7562,deer
7563,ship
7564,plane
7565,bird
7566,frog
7567,frog
7568,truck
7569,deer
7570,dog
7571,horse
7572,frog
7573,horse
7574,cat
7575,bird
7576,frog
7577,truck
7578,cat
7579,plane
7580,frog
7581,bird
7582,plane
7583,bird
7584,car
7585,frog
7586,horse
7587,ship
7588,deer
7589,cat
7590,frog
7591,bird
7592,frog
7593,car
7594,bird
7595,deer
7596,car
7597,cat
7598,frog
7599,frog
7600,truck
7601,deer
7602,frog
7603,truck
7604,truck
7605,horse
7606,truck
7607,car
7608,car
7609,deer
7610,dog
7611,truck
7612,horse
7613,deer
7614,dog
7615,deer
7616,truck
7617,frog
7618,horse
7619,deer
7620,frog
7621,frog
7622,deer
7623,horse
7624,plane
7625,bird
7626,truck
7627,bird
7628,frog
7629,plane
7630,deer
7631,car
7632,ship
7633,car
7634,bird
7635,truck
7636,frog
7637,car
7638,bird
7639,deer
7640,plane
7641,dog
7642,frog
7643,horse
7644,ship
7645,bird
7646,deer
7647,truck
7648,plane
7649,bird
7650,cat
7651,truck
7652,truck
7653,frog
7654,frog
7655,plane
7656,deer
7657,ship
7658,horse
7659,dog
7660,frog
7661,deer
7662,frog
7663,horse
7664,plane
7665,truck
7666,frog
7667,ship
7668,truck
7669,dog
7670,ship
7671,ship
7672,horse
7673,ship
7674,horse
7675,bird
7676,dog
7677,bird
7678,frog
7679,car
7680,car
7681,bird
7682,ship
7683,car
7684,frog
7685,plane
7686,dog
7687,bird
7688,ship
7689,cat
7690,frog
7691,plane
7692,horse
7693,dog
7694,bird
7695,bird
7696,cat
7697,dog
7698,ship
7699,horse
7700,deer
7701,ship
7702,horse
7703,ship
7704,truck
7705,car
7706,bird
7707,dog
7708,deer
7709,ship
7710,deer
7711,bird
7712,cat
7713,horse
7714,horse
7715,ship
7716,bird
7717,car
7718,cat
7719,horse
7720,cat
7721,bird
7722,dog
7723,truck
7724,ship
7725,frog
7726,plane
7727,frog
7728,plane
7729,car
7730,car
7731,plane
7732,frog
7733,frog
7734,deer
7735,cat
7736,cat
7737,frog
7738,ship
7739,horse
7740,ship
7741,bird
7742,truck
7743,deer
7744,cat
7745,frog
7746,truck
7747,bird
7748,deer
7749,car
7750,truck
7751,plane
7752,bird
7753,ship
7754,bird
7755,frog
7756,car
7757,car
7758,deer
7759,plane
7760,ship
7761,deer
7762,cat
7763,truck
7764,deer
7765,frog
7766,frog
7767,horse
7768,horse
7769,horse
7770,ship
7771,truck
7772,plane
7773,car
7774,cat
7775,horse
7776,horse
7777,cat
7778,deer
7779,cat
7780,car
7781,cat
7782,ship
7783,dog
7784,deer
7785,plane
7786,truck
7787,ship
7788,truck
7789,car
7790,deer
7791,plane
7792,deer
7793,truck
7794,cat
7795,dog
7796,horse
7797,cat
7798,ship
7799,ship
7800,ship
7801,truck
7802,ship
7803,horse
7804,frog
7805,frog
7806,deer
7807,ship
7808,cat
7809,truck
7810,bird
7811,car
7812,deer
7813,horse
7814,truck
7815,frog
7816,frog
7817,truck
7818,deer
7819,car
7820,ship
7821,frog
7822,bird
7823,frog
7824,frog
7825,cat
7826,cat
7827,ship
7828,ship
7829,deer
7830,bird
7831,truck
7832,frog
7833,frog
7834,ship
7835,ship
7836,truck
7837,bird
7838,deer
7839,dog
7840,car
7841,car
7842,deer
7843,deer
7844,cat
7845,plane
7846,ship
7847,deer
7848,deer
7849,dog
7850,plane
7851,plane
7852,bird
7853,frog
7854,deer
7855,ship
7856,frog
7857,ship
7858,dog
7859,bird
7860,frog
7861,cat
7862,bird
7863,deer
7864,horse
7865,car
7866,ship
7867,dog
7868,deer
7869,bird
7870,ship
7871,truck
7872,horse
7873,ship
7874,truck
7875,bird
7876,deer
7877,plane
7878,car
7879,horse
7880,plane
7881,dog
7882,bird
7883,truck
7884,frog
7885,frog
7886,dog
7887,frog
7888,cat
7889,truck
7890,frog
7891,plane
7892,car
7893,frog
7894,ship
7895,car
7896,plane
7897,plane
7898,frog
7899,bird
7900,plane
7901,horse
7902,deer
7903,ship
7904,deer
7905,dog
7906,car
7907,truck
7908,frog
7909,cat
7910,plane
7911,frog
7912,dog
7913,deer
7914,deer
7915,horse
7916,ship
7917,dog
7918,horse
7919,truck
7920,plane
7921,truck
7922,bird
7923,car
7924,bird
7925,bird
7926,bird
7927,horse
7928,plane
7929,truck
7930,ship
7931,ship
7932,bird
7933,dog
7934,horse
7935,horse
7936,frog
7937,deer
7938,cat
7939,ship
7940,cat
7941,plane
7942,car
7943,truck
7944,frog
7945,car
7946,bird
7947,bird
7948,ship
7949,deer
7950,bird
7951,frog
7952,ship
7953,ship
7954,cat
7955,ship
7956,bird
7957,frog
7958,car
7959,bird
7960,bird
7961,deer
7962,deer
7963,car
7964,frog
7965,plane
7966,frog
7967,horse
7968,plane
7969,truck
7970,ship
7971,plane
7972,truck
7973,car
7974,truck
7975,ship
7976,deer
7977,car
7978,ship
7979,truck
7980,deer
7981,truck
7982,horse
7983,horse
7984,ship
7985,bird
7986,deer
7987,plane
7988,truck
7989,frog
7990,plane
7991,deer
7992,truck
7993,frog
7994,horse
7995,dog
7996,frog
7997,horse
7998,truck
7999,cat
8000,frog
8001,bird
8002,car
8003,bird
8004,ship
8005,truck
8006,truck
8007,ship
8008,truck
8009,dog
8010,horse
8011,car
8012,cat
8013,plane
8014,plane
8015,frog
8016,bird
8017,plane
8018,deer
8019,deer
8020,plane
8021,frog
8022,horse
8023,car
8024,ship
8025,ship
8026,cat
8027,cat
8028,cat
8029,car
8030,ship
8031,dog
8032,dog
8033,deer
8034,deer
8035,car
8036,car
8037,deer
8038,frog
8039,bird
8040,frog
8041,truck
8042,deer
8043,deer
8044,frog
8045,frog
8046,bird
8047,car
8048,ship
8049,car
8050,frog
8051,car
8052,deer
8053,cat
8054,cat
8055,truck
8056,frog
8057,frog
8058,frog
8059,cat
8060,plane
8061,cat
8062,plane
8063,frog
8064,cat
8065,frog
8066,cat
8067,plane
8068,horse
8069,ship
8070,bird
8071,dog
8072,dog
8073,frog
8074,dog
8075,ship
8076,horse
8077,ship
8078,truck
8079,bird
8080,car
8081,plane
8082,cat
8083,dog
8084,ship
8085,car
8086,truck
8087,frog
8088,ship
8089,truck
8090,car
8091,horse
8092,ship
8093,ship
8094,frog
8095,ship
8096,horse
8097,frog
8098,frog
8099,ship
8100,car
8101,ship
8102,frog
8103,frog
8104,horse
8105,frog
8106,truck
8107,truck
8108,car
8109,truck
8110,horse
8111,ship
8112,truck
8113,car
8114,car
8115,frog
8116,dog
8117,ship
8118,cat
8119,cat
8120,plane
8121,frog
8122,bird
8123,frog
8124,plane
8125,car
8126,plane
8127,horse
8128,car
8129,frog
8130,plane
8131,dog
8132,bird
8133,plane
8134,deer
8135,frog
8136,deer
8137,plane
8138,plane
8139,deer
8140,horse
8141,truck
8142,plane
8143,horse
8144,plane
8145,frog
8146,ship
8147,horse
8148,ship
8149,deer
8150,dog
8151,plane
8152,car
8153,truck
8154,frog
8155,frog
8156,dog
8157,car
8158,ship
8159,bird
8160,dog
8161,plane
8162,truck
8163,frog
8164,dog
8165,frog
8166,car
8167,truck
8168,deer
8169,bird
8170,truck
8171,truck
8172,ship
8173,horse
8174,car
8175,cat
8176,cat
8177,frog
8178,frog
8179,bird
8180,dog
8181,ship
8182,frog
8183,dog
8184,dog
8185,horse
8186,frog
8187,dog
8188,plane
8189,deer
8190,ship
8191,car
8192,dog
8193,cat
8194,bird
8195,horse
8196,car
8197,car
8198,bird
8199,dog
8200,deer
8201,deer
8202,car
8203,truck
8204,ship
8205,cat
8206,deer
8207,truck
8208,horse
8209,dog
8210,deer
8211,horse
8212,plane
8213,bird
8214,plane
8215,dog
8216,dog
8217,ship
8218,frog
8219,truck
8220,car
8221,horse
8222,cat
8223,dog
8224,truck
8225,plane
8226,horse
8227,car
8228,plane
8229,plane
8230,plane
8231,cat
8232,frog
8233,frog
8234,horse
8235,horse
8236,horse
8237,horse
8238,bird
8239,truck
8240,horse
8241,plane
8242,deer
8243,dog
8244,frog
8245,truck
8246,dog
8247,cat
8248,bird
8249,deer
8250,deer
8251,truck
8252,ship
8253,car
8254,car
8255,dog
8256,frog
8257,cat
8258,horse
8259,plane
8260,cat
8261,bird
8262,bird
8263,truck
8264,ship
8265,ship
8266,cat
8267,dog
8268,bird
8269,ship
8270,bird
8271,horse
8272,car
8273,dog
8274,deer
8275,truck
8276,car
8277,frog
8278,cat
8279,plane
8280,bird
8281,bird
8282,ship
8283,ship
8284,car
8285,frog
8286,dog
8287,ship
8288,frog
8289,cat
8290,dog
8291,dog
8292,truck
8293,truck
8294,car
8295,frog
8296,car
8297,deer
8298,plane
8299,bird
8300,car
8301,ship
8302,frog
8303,deer
8304,frog
8305,ship
8306,bird
8307,car
8308,frog
8309,deer
8310,plane
8311,deer
8312,car
8313,dog
8314,dog
8315,ship
8316,dog
8317,bird
8318,plane
8319,bird
8320,horse
8321,truck
8322,frog
8323,cat
8324,frog
8325,ship
8326,car
8327,truck
8328,deer
8329,dog
8330,truck
8331,horse
8332,truck
8333,plane
8334,truck
8335,dog
8336,ship
8337,plane
8338,deer
8339,truck
8340,dog
8341,car
8342,deer
8343,truck
8344,ship
8345,cat
8346,bird
8347,car
8348,plane
8349,horse
8350,deer
8351,horse
8352,frog
8353,truck
8354,plane
8355,truck
8356,dog
8357,bird
8358,truck
8359,car
8360,frog
8361,car
8362,horse
8363,plane
8364,horse
8365,bird
8366,dog
8367,frog
8368,frog
8369,frog
8370,truck
8371,horse
8372,dog
8373,truck
8374,deer
8375,frog
8376,plane
8377,truck
8378,dog
8379,ship
8380,car
8381,car
8382,ship
8383,horse
8384,car
8385,ship
8386,frog
8387,deer
8388,bird
8389,frog
8390,frog
8391,car
8392,truck
8393,plane
8394,ship
8395,deer
8396,truck
8397,plane
8398,bird
8399,deer
8400,frog
8401,frog
8402,frog
8403,cat
8404,bird
8405,car
8406,ship
8407,cat
8408,truck
8409,horse
8410,frog
8411,deer
8412,ship
8413,bird
8414,dog
8415,deer
8416,car
8417,frog
8418,truck
8419,bird
8420,frog
8421,ship
8422,cat
8423,plane
8424,car
8425,cat
8426,car
8427,cat
8428,cat
8429,deer
8430,truck
8431,bird
8432,deer
8433,truck
8434,cat
8435,truck
8436,frog
8437,truck
8438,plane
8439,frog
8440,ship
8441,deer
8442,bird
8443,deer
8444,ship
8445,deer
8446,bird
8447,dog
8448,horse
8449,truck
8450,bird
8451,ship
8452,bird
8453,ship
8454,frog
8455,dog
8456,car
8457,deer
8458,ship
8459,dog
8460,truck
8461,car
8462,car
8463,plane
8464,cat
8465,horse
8466,deer
8467,frog
8468,plane
8469,bird
8470,car
8471,car
8472,frog
8473,cat
8474,plane
8475,dog
8476,frog
8477,dog
8478,deer
8479,bird
8480,car
8481,horse
8482,ship
8483,deer
8484,ship
8485,deer
8486,frog
8487,frog
8488,truck
8489,frog
8490,car
8491,truck
8492,frog
8493,horse
8494,deer
8495,car
8496,cat
8497,bird
8498,deer
8499,ship
8500,ship
8501,horse
8502,truck
8503,frog
8504,truck
8505,ship
8506,car
8507,ship
8508,truck
8509,truck
8510,dog
8511,cat
8512,frog
8513,truck
8514,deer
8515,truck
8516,car
8517,ship
8518,bird
8519,horse
8520,truck
8521,dog
8522,horse
8523,horse
8524,deer
8525,car
8526,truck
8527,deer
8528,deer
8529,car
8530,dog
8531,ship
8532,dog
8533,ship
8534,deer
8535,truck
8536,plane
8537,ship
8538,deer
8539,cat
8540,frog
8541,plane
8542,ship
8543,dog
8544,frog
8545,bird
8546,frog
8547,horse
8548,bird
8549,bird
8550,horse
8551,deer
8552,frog
8553,dog
8554,frog
8555,frog
8556,frog
8557,cat
8558,cat
8559,plane
8560,cat
8561,dog
8562,plane
8563,bird
8564,truck
8565,deer
8566,deer
8567,frog
8568,dog
8569,bird
8570,cat
8571,plane
8572,truck
8573,deer
8574,horse
8575,ship
8576,horse
8577,cat
8578,ship
8579,truck
8580,dog
8581,horse
8582,dog
8583,truck
8584,cat
8585,bird
8586,ship
8587,truck
8588,bird
8589,ship
8590,dog
8591,dog
8592,deer
8593,plane
8594,deer
8595,deer
8596,frog
8597,frog
8598,frog
8599,horse
8600,cat
8601,frog
8602,deer
8603,deer
8604,ship
8605,bird
8606,car
8607,truck
8608,frog
8609,cat
8610,dog
8611,dog
8612,bird
8613,deer
8614,ship
8615,plane
8616,deer
8617,plane
8618,truck
8619,frog
8620,plane
8621,plane
8622,ship
8623,deer
8624,car
8625,truck
8626,frog
8627,frog
8628,truck
8629,deer
8630,dog
8631,dog
8632,dog
8633,frog
8634,plane
8635,dog
8636,plane
8637,horse
8638,bird
8639,truck
8640,horse
8641,car
8642,car
8643,dog
8644,cat
8645,dog
8646,bird
8647,truck
8648,car
8649,truck
8650,bird
8651,ship
8652,plane
8653,plane
8654,dog
8655,plane
8656,deer
8657,deer
8658,truck
8659,truck
8660,truck
8661,deer
8662,deer
8663,bird
8664,frog
8665,deer
8666,deer
8667,ship
8668,truck
8669,horse
8670,car
8671,truck
8672,car
8673,horse
8674,frog
8675,deer
8676,truck
8677,ship
8678,ship
8679,bird
8680,deer
8681,car
8682,car
8683,car
8684,bird
8685,bird
8686,frog
8687,car
8688,ship
8689,frog
8690,cat
8691,cat
8692,frog
8693,dog
8694,truck
8695,dog
8696,cat
8697,plane
8698,deer
8699,ship
8700,deer
8701,horse
8702,plane
8703,bird
8704,car
8705,bird
8706,car
8707,horse
8708,deer
8709,bird
8710,horse
8711,horse
8712,horse
8713,ship
8714,ship
8715,deer
8716,ship
8717,horse
8718,bird
8719,deer
8720,truck
8721,deer
8722,bird
8723,horse
8724,frog
8725,deer
8726,ship
8727,frog
8728,truck
8729,frog
8730,bird
8731,bird
8732,car
8733,plane
8734,dog
8735,deer
8736,cat
8737,cat
8738,plane
8739,cat
8740,ship
8741,car
8742,truck
8743,truck
8744,car
8745,cat
8746,car
8747,horse
8748,horse
8749,frog
8750,dog
8751,car
8752,deer
8753,bird
8754,truck
8755,frog
8756,dog
8757,bird
8758,frog
8759,truck
8760,plane
8761,dog
8762,ship
8763,dog
8764,truck
8765,horse
8766,truck
8767,bird
8768,ship
8769,frog
8770,car
8771,frog
8772,car
8773,deer
8774,car
8775,bird
8776,cat
8777,bird
8778,ship
8779,car
8780,frog
8781,cat
8782,truck
8783,bird
8784,frog
8785,dog
8786,bird
8787,ship
8788,deer
8789,car
8790,bird
8791,bird
8792,deer
8793,frog
8794,bird
8795,cat
8796,dog
8797,frog
8798,cat
8799,plane
8800,car
8801,plane
8802,bird
8803,ship
8804,car
8805,truck
8806,car
8807,bird
8808,deer
8809,horse
8810,cat
8811,deer
8812,frog
8813,deer
8814,deer
8815,frog
8816,car
8817,cat
8818,deer
8819,deer
8820,frog
8821,ship
8822,frog
8823,cat
8824,deer
8825,cat
8826,horse
8827,bird
8828,deer
8829,dog
8830,cat
8831,ship
8832,plane
8833,plane
8834,car
8835,bird
8836,cat
8837,deer
8838,cat
8839,ship
8840,ship
8841,deer
8842,frog
8843,frog
8844,deer
8845,horse
8846,car
8847,deer
8848,ship
8849,bird
8850,ship
8851,dog
8852,car
8853,truck
8854,cat
8855,frog
8856,truck
8857,plane
8858,ship
8859,deer
8860,frog
8861,horse
8862,frog
8863,car
8864,plane
8865,frog
8866,ship
8867,bird
8868,truck
8869,bird
8870,cat
8871,cat
8872,car
8873,ship
8874,dog
8875,frog
8876,ship
8877,bird
8878,dog
8879,plane
8880,frog
8881,frog
8882,truck
8883,car
8884,plane
8885,frog
8886,bird
8887,frog
8888,horse
8889,frog
8890,plane
8891,cat
8892,frog
8893,car
8894,truck
8895,plane
8896,plane
8897,car
8898,deer
8899,ship
8900,ship
8901,truck
8902,horse
8903,deer
8904,truck
8905,deer
8906,car
8907,cat
8908,horse
8909,deer
8910,frog
8911,ship
8912,plane
8913,horse
8914,deer
8915,plane
8916,truck
8917,car
8918,cat
8919,ship
8920,ship
8921,truck
8922,ship
8923,cat
8924,ship
8925,ship
8926,horse
8927,horse
8928,truck
8929,ship
8930,plane
8931,bird
8932,ship
8933,car
8934,frog
8935,horse
8936,ship
8937,deer
8938,deer
8939,truck
8940,cat
8941,deer
8942,truck
8943,ship
8944,ship
8945,deer
8946,plane
8947,truck
8948,car
8949,cat
8950,truck
8951,truck
8952,ship
8953,ship
8954,truck
8955,frog
8956,ship
8957,bird
8958,truck
8959,frog
8960,bird
8961,ship
8962,frog
8963,cat
8964,deer
8965,truck
8966,horse
8967,cat
8968,bird
8969,plane
8970,horse
8971,ship
8972,dog
8973,car
8974,car
8975,frog
8976,frog
8977,bird
8978,horse
8979,bird
8980,deer
8981,frog
8982,plane
8983,bird
8984,bird
8985,horse
8986,car
8987,deer
8988,ship
8989,frog
8990,dog
8991,frog
8992,truck
8993,cat
8994,ship
8995,cat
8996,frog
8997,horse
8998,dog
8999,car
9000,car
9001,deer
9002,ship
9003,bird
9004,dog
9005,bird
9006,dog
9007,cat
9008,dog
9009,bird
9010,cat
9011,ship
9012,ship
9013,horse
9014,car
9015,car
9016,truck
9017,frog
9018,cat
9019,bird
9020,truck
9021,plane
9022,cat
9023,dog
9024,horse
9025,dog
9026,bird
9027,ship
9028,cat
9029,truck
9030,frog
9031,frog
9032,ship
9033,deer
9034,horse
9035,horse
9036,ship
9037,ship
9038,dog
9039,bird
9040,horse
9041,frog
9042,plane
9043,frog
9044,horse
9045,plane
9046,deer
9047,truck
9048,frog
9049,car
9050,car
9051,dog
9052,plane
9053,cat
9054,cat
9055,deer
9056,bird
9057,bird
9058,cat
9059,horse
9060,truck
9061,cat
9062,cat
9063,dog
9064,ship
9065,plane
9066,horse
9067,truck
9068,bird
9069,deer
9070,bird
9071,horse
9072,car
9073,plane
9074,plane
9075,frog
9076,deer
9077,car
9078,bird
9079,frog
9080,cat
9081,bird
9082,truck
9083,ship
9084,frog
9085,ship
9086,car
9087,deer
9088,frog
9089,cat
9090,dog
9091,ship
9092,car
9093,bird
9094,truck
9095,cat
9096,horse
9097,plane
9098,car
9099,horse
9100,dog
9101,ship
9102,plane
9103,truck
9104,frog
9105,bird
9106,frog
9107,bird
9108,truck
9109,car
9110,car
9111,car
9112,horse
9113,deer
9114,plane
9115,horse
9116,deer
9117,horse
9118,bird
9119,truck
9120,ship
9121,ship
9122,deer
9123,frog
9124,deer
9125,frog
9126,horse
9127,dog
9128,deer
9129,dog
9130,plane
9131,truck
9132,dog
9133,ship
9134,deer
9135,deer
9136,truck
9137,bird
9138,dog
9139,plane
9140,ship
9141,cat
9142,truck
9143,truck
9144,cat
9145,car
9146,cat
9147,ship
9148,car
9149,ship
9150,car
9151,plane
9152,car
9153,deer
9154,frog
9155,horse
9156,cat
9157,dog
9158,frog
9159,ship
9160,bird
9161,frog
9162,car
9163,frog
9164,frog
9165,frog
9166,ship
9167,frog
9168,car
9169,deer
9170,horse
9171,horse
9172,truck
9173,car
9174,bird
9175,horse
9176,cat
9177,horse
9178,car
9179,car
9180,truck
9181,car
9182,frog
9183,truck
9184,ship
9185,car
9186,dog
9187,plane
9188,deer
9189,bird
9190,frog
9191,horse
9192,truck
9193,ship
9194,deer
9195,frog
9196,cat
9197,bird
9198,deer
9199,ship
9200,bird
9201,bird
9202,dog
9203,ship
9204,frog
9205,plane
9206,bird
9207,cat
9208,deer
9209,deer
9210,cat
9211,frog
9212,car
9213,bird
9214,frog
9215,cat
9216,ship
9217,cat
9218,frog
9219,deer
9220,cat
9221,plane
9222,horse
9223,car
9224,plane
9225,deer
9226,truck
9227,truck
9228,plane
9229,bird
9230,deer
9231,frog
9232,dog
9233,bird
9234,car
9235,deer
9236,car
9237,plane
9238,car
9239,ship
9240,truck
9241,cat
9242,ship
9243,truck
9244,bird
9245,horse
9246,ship
9247,truck
9248,frog
9249,deer
9250,bird
9251,horse
9252,ship
9253,frog
9254,horse
9255,cat
9256,truck
9257,car
9258,truck
9259,horse
9260,plane
9261,dog
9262,car
9263,cat
9264,deer
9265,car
9266,plane
9267,frog
9268,frog
9269,frog
9270,frog
9271,cat
9272,cat
9273,ship
9274,horse
9275,bird
9276,cat
9277,frog
9278,ship
9279,car
9280,car
9281,dog
9282,car
9283,dog
9284,bird
9285,ship
9286,car
9287,plane
9288,cat
9289,frog
9290,dog
9291,deer
9292,truck
9293,frog
9294,horse
9295,dog
9296,truck
9297,frog
9298,plane
9299,cat
9300,truck
9301,horse
9302,bird
9303,frog
9304,truck
9305,horse
9306,dog
9307,deer
9308,cat
9309,bird
9310,deer
9311,frog
9312,bird
9313,deer
9314,car
9315,frog
9316,truck
9317,truck
9318,ship
9319,plane
9320,cat
9321,plane
9322,dog
9323,ship
9324,truck
9325,deer
9326,bird
9327,horse
9328,bird
9329,dog
9330,car
9331,truck
9332,truck
9333,dog
9334,bird
9335,horse
9336,horse
9337,frog
9338,frog
9339,dog
9340,truck
9341,deer
9342,car
9343,plane
9344,frog
9345,car
9346,horse
9347,car
9348,frog
9349,cat
9350,truck
9351,deer
9352,dog
9353,cat
9354,truck
9355,truck
9356,dog
9357,deer
9358,bird
9359,frog
9360,ship
9361,deer
9362,cat
9363,truck
9364,dog
9365,deer
9366,plane
9367,bird
9368,plane
9369,horse
9370,frog
9371,dog
9372,cat
9373,ship
9374,plane
9375,ship
9376,dog
9377,frog
9378,car
9379,truck
9380,horse
9381,horse
9382,horse
9383,car
9384,ship
9385,bird
9386,frog
9387,frog
9388,car
9389,cat
9390,bird
9391,frog
9392,ship
9393,bird
9394,deer
9395,car
9396,truck
9397,truck
9398,frog
9399,cat
9400,deer
9401,horse
9402,car
9403,truck
9404,cat
9405,dog
9406,ship
9407,dog
9408,ship
9409,dog
9410,horse
9411,truck
9412,deer
9413,cat
9414,truck
9415,cat
9416,frog
9417,dog
9418,frog
9419,car
9420,car
9421,deer
9422,cat
9423,bird
9424,car
9425,deer
9426,deer
9427,truck
9428,car
9429,truck
9430,dog
9431,ship
9432,dog
9433,frog
9434,bird
9435,frog
9436,plane
9437,horse
9438,dog
9439,deer
9440,deer
9441,frog
9442,truck
9443,deer
9444,bird
9445,plane
9446,deer
9447,deer
9448,plane
9449,ship
9450,deer
9451,cat
9452,horse
9453,plane
9454,deer
9455,truck
9456,frog
9457,deer
9458,car
9459,plane
9460,deer
9461,frog
9462,ship
9463,bird
9464,frog
9465,cat
9466,bird
9467,cat
9468,car
9469,ship
9470,plane
9471,car
9472,plane
9473,bird
9474,ship
9475,car
9476,ship
9477,bird
9478,frog
9479,ship
9480,ship
9481,plane
9482,bird
9483,horse
9484,plane
9485,horse
9486,frog
9487,dog
9488,ship
9489,deer
9490,deer
9491,bird
9492,truck
9493,deer
9494,ship
9495,frog
9496,deer
9497,ship
9498,horse
9499,bird
9500,truck
9501,horse
9502,plane
9503,horse
9504,frog
9505,ship
9506,dog
9507,cat
9508,deer
9509,ship
9510,truck
9511,dog
9512,horse
9513,dog
9514,horse
9515,frog
9516,frog
9517,frog
9518,deer
9519,dog
9520,dog
9521,dog
9522,horse
9523,car
9524,frog
9525,truck
9526,deer
9527,truck
9528,plane
9529,car
9530,truck
9531,dog
9532,ship
9533,plane
9534,frog
9535,ship
9536,ship
9537,ship
9538,plane
9539,horse
9540,horse
9541,horse
9542,horse
9543,cat
9544,plane
9545,deer
9546,car
9547,plane
9548,truck
9549,truck
9550,deer
9551,ship
9552,bird
9553,deer
9554,deer
9555,bird
9556,cat
9557,deer
9558,bird
9559,car
9560,truck
9561,cat
9562,frog
9563,cat
9564,bird
9565,ship
9566,cat
9567,bird
9568,deer
9569,deer
9570,bird
9571,plane
9572,cat
9573,plane
9574,deer
9575,truck
9576,deer
9577,cat
9578,frog
9579,ship
9580,frog
9581,deer
9582,horse
9583,deer
9584,dog
9585,ship
9586,frog
9587,horse
9588,frog
9589,truck
9590,bird
9591,truck
9592,bird
9593,bird
9594,plane
9595,ship
9596,deer
9597,deer
9598,bird
9599,frog
9600,dog
9601,deer
9602,cat
9603,ship
9604,car
9605,frog
9606,ship
9607,deer
9608,dog
9609,car
9610,frog
9611,ship
9612,plane
9613,cat
9614,truck
9615,frog
9616,plane
9617,car
9618,deer
9619,horse
9620,frog
9621,horse
9622,truck
9623,truck
9624,frog
9625,frog
9626,frog
9627,plane
9628,cat
9629,frog
9630,deer
9631,bird
9632,truck
9633,car
9634,deer
9635,car
9636,truck
9637,dog
9638,frog
9639,ship
9640,bird
9641,car
9642,deer
9643,dog
9644,ship
9645,truck
9646,car
9647,bird
9648,plane
9649,bird
9650,bird
9651,horse
9652,plane
9653,plane
9654,car
9655,plane
9656,car
9657,cat
9658,frog
9659,horse
9660,deer
9661,deer
9662,frog
9663,cat
9664,dog
9665,horse
9666,ship
9667,cat
9668,deer
9669,deer
9670,cat
9671,ship
9672,car
9673,frog
9674,truck
9675,deer
9676,cat
9677,truck
9678,frog
9679,dog
9680,horse
9681,bird
9682,dog
9683,horse
9684,frog
9685,deer
9686,cat
9687,truck
9688,bird
9689,deer
9690,frog
9691,truck
9692,car
9693,deer
9694,cat
9695,bird
9696,deer
9697,car
9698,cat
9699,frog
9700,cat
9701,horse
9702,dog
9703,bird
9704,bird
9705,plane
9706,ship
9707,cat
9708,bird
9709,ship
9710,car
9711,truck
9712,ship
9713,horse
9714,bird
9715,horse
9716,frog
9717,ship
9718,plane
9719,horse
9720,car
9721,cat
9722,car
9723,frog
9724,ship
9725,truck
9726,dog
9727,ship
9728,truck
9729,horse
9730,cat
9731,deer
9732,deer
9733,plane
9734,cat
9735,ship
9736,cat
9737,frog
9738,car
9739,horse
9740,dog
9741,plane
9742,deer
9743,truck
9744,dog
9745,plane
9746,frog
9747,dog
9748,frog
9749,ship
9750,cat
9751,truck
9752,bird
9753,dog
9754,deer
9755,dog
9756,plane
9757,horse
9758,plane
9759,bird
9760,truck
9761,horse
9762,car
9763,deer
9764,car
9765,ship
9766,frog
9767,truck
9768,deer
9769,deer
9770,car
9771,ship
9772,horse
9773,ship
9774,ship
9775,ship
9776,plane
9777,frog
9778,frog
9779,plane
9780,car
9781,ship
9782,plane
9783,bird
9784,deer
9785,dog
9786,bird
9787,truck
9788,horse
9789,frog
9790,dog
9791,car
9792,truck
9793,truck
9794,frog
9795,cat
9796,bird
9797,dog
9798,cat
9799,horse
9800,bird
9801,truck
9802,cat
9803,cat
9804,bird
9805,truck
9806,horse
9807,car
9808,cat
9809,frog
9810,horse
9811,horse
9812,deer
9813,truck
9814,car
9815,bird
9816,ship
9817,truck
9818,ship
9819,truck
9820,dog
9821,truck
9822,car
9823,dog
9824,frog
9825,ship
9826,ship
9827,truck
9828,ship
9829,frog
9830,car
9831,ship
9832,truck
9833,car
9834,ship
9835,frog
9836,deer
9837,cat
9838,plane
9839,car
9840,bird
9841,ship
9842,cat
9843,plane
9844,car
9845,ship
9846,horse
9847,frog
9848,car
9849,ship
9850,dog
9851,plane
9852,frog
9853,frog
9854,car
9855,dog
9856,ship
9857,frog
9858,plane
9859,deer
9860,dog
9861,ship
9862,plane
9863,horse
9864,bird
9865,deer
9866,frog
9867,ship
9868,car
9869,plane
9870,ship
9871,truck
9872,truck
9873,ship
9874,dog
9875,ship
9876,ship
9877,ship
9878,cat
9879,horse
9880,bird
9881,cat
9882,bird
9883,plane
9884,deer
9885,car
9886,frog
9887,horse
9888,dog
9889,frog
9890,cat
9891,plane
9892,dog
9893,deer
9894,cat
9895,bird
9896,frog
9897,ship
9898,bird
9899,frog
9900,truck
9901,car
9902,car
9903,truck
9904,frog
9905,cat
9906,frog
9907,ship
9908,deer
9909,bird
9910,car
9911,deer
9912,dog
9913,bird
9914,dog
9915,cat
9916,truck
9917,cat
9918,horse
9919,plane
9920,dog
9921,frog
9922,frog
9923,frog
9924,bird
9925,deer
9926,car
9927,truck
9928,car
9929,bird
9930,frog
9931,truck
9932,car
9933,car
9934,ship
9935,frog
9936,ship
9937,deer
9938,plane
9939,bird
9940,truck
9941,car
9942,horse
9943,bird
9944,ship
9945,bird
9946,truck
9947,deer
9948,cat
9949,car
9950,ship
9951,truck
9952,frog
9953,car
9954,dog
9955,bird
9956,frog
9957,ship
9958,frog
9959,frog
9960,deer
9961,bird
9962,frog
9963,car
9964,car
9965,plane
9966,bird
9967,frog
9968,dog
9969,truck
9970,car
9971,ship
9972,horse
9973,cat
9974,cat
9975,ship
9976,frog
9977,bird
9978,horse
9979,bird
9980,dog
9981,frog
9982,dog
9983,frog
9984,ship
9985,frog
9986,ship
9987,bird
9988,bird
9989,cat
9990,plane
9991,deer
9992,dog
9993,frog
9994,bird
9995,dog
9996,horse
9997,cat
9998,frog
9999,horse
10000,car
